url,title,visit_time,visit_duration_seconds
https://chat.openai.com/c/f72b19bf-3294-4768-be3a-a58e5962ac04,ChatGPT,2024-04-27 22:42:45,0.0
https://chat.openai.com/,ChatGPT,2024-04-27 22:38:54,231292.409
https://chat.openai.com/,ChatGPT,2024-04-27 22:38:49,4254.93
https://chat.openai.com/,ChatGPT,2024-04-27 22:38:47,2506.776
https://stackoverflow.com/questions/4373675/how-to-invert-a-grep-expression,regex - How to invert a grep expression - Stack Overflow,2024-04-27 22:34:05,0.0
https://kagi.com/search?q=grep+inverse,grep inverse - Kagi Search,2024-04-27 22:34:03,1942.875
https://kagi.com/search?q=grep+inverse,grep inverse - Kagi Search,2024-04-27 22:34:03,52.066
https://kagi.com/search?q=grep+inverse,grep inverse - Kagi Search,2024-04-27 22:34:02,850.354
https://chat.openai.com/,ChatGPT,2024-04-27 22:32:19,387709.834
https://conwaylife.com/,Conway's Game of Life,2024-04-27 22:22:11,0.0
https://duckduckgo.com/?q=conway+game+life&atb=v389-1&ia=web,conway game life at DuckDuckGo,2024-04-27 22:22:10,311.683
https://duckduckgo.com/?q=conway+game+life&atb=v389-1&ia=web,conway game life at DuckDuckGo,2024-04-27 22:22:06,4186.595
https://duckduckgo.com/?q=conway+game+life&atb=v389-1&ia=web,conway game life at DuckDuckGo,2024-04-27 22:22:06,47.85
https://duckduckgo.com/?q=conway+game+life&atb=v389-1,conway game life at DuckDuckGo,2024-04-27 22:22:05,1167.655
https://duckduckgo.com/?q=conway+game+life&atb=v389-1,conway game life at DuckDuckGo,2024-04-27 22:22:05,77.747
https://duckduckgo.com/?q=conway+game+life&atb=v389-1,conway game life at DuckDuckGo,2024-04-27 22:22:04,568.906
https://duckduckgo.com/?q=conway+game+life,conway game life at DuckDuckGo,2024-04-27 22:22:04,0.0
https://blog.kandji.io/mac-logging-and-the-log-command-a-guide-for-apple-admins,Mac Logging and the log Command: A Guide for Apple Admins,2024-04-27 22:18:53,0.0
https://kagi.com/search?q=mac+cli+log+command+which+websites+did+edge+visit,mac cli log command which websites did edge visit - Kagi Search,2024-04-27 22:18:43,10290.577
https://kagi.com/search?q=mac+cli+log+command+which+websites+did+edge+visit,mac cli log command which websites did edge visit - Kagi Search,2024-04-27 22:18:43,19.783
https://kagi.com/search?q=mac+cli+log+command+which+websites+did+edge+visit,mac cli log command which websites did edge visit - Kagi Search,2024-04-27 22:18:42,703.333
https://blog.kandji.io/mac-logging-and-the-log-command-a-guide-for-apple-admins,Mac Logging and the log Command: A Guide for Apple Admins,2024-04-27 22:14:28,0.0
https://kagi.com/search?q=mac+log+predicates+cli,mac log predicates cli - Kagi Search,2024-04-27 22:14:24,3489.577
https://kagi.com/search?q=mac+log+predicates+cli,mac log predicates cli - Kagi Search,2024-04-27 22:14:24,29.631
https://kagi.com/search?q=mac+log+predicates+cli,mac log predicates cli - Kagi Search,2024-04-27 22:14:23,691.165
https://raw.githubusercontent.com/ActivityWatch/activitywatch/master/diagram.svg,,2024-04-27 22:11:06,0.0
https://github.com/ActivityWatch/activitywatch/?tab=readme-ov-file,"ActivityWatch/activitywatch: The best free and open-source automated time tracker. Cross-platform, extensible, privacy-focused.",2024-04-27 22:11:06,0.0
https://github.com/ActivityWatch/activitywatch/,"ActivityWatch/activitywatch: The best free and open-source automated time tracker. Cross-platform, extensible, privacy-focused.",2024-04-27 22:10:11,54761.303
https://github.com/ActivityWatch/activitywatch/,"ActivityWatch/activitywatch: The best free and open-source automated time tracker. Cross-platform, extensible, privacy-focused.",2024-04-27 22:10:11,418.408
https://github.com/ActivityWatch,ActivityWatch,2024-04-27 22:10:11,87.568
https://github.com/ActivityWatch,ActivityWatch,2024-04-27 22:09:56,14702.515
https://github.com/ActivityWatch,ActivityWatch,2024-04-27 22:09:56,457.093
https://github.com/ActivityWatch/aw-import-screentime?tab=readme-ov-file,ActivityWatch/aw-import-screentime: Import data from Apple's Screen Time on macOS and iOS to ActivityWatch,2024-04-27 22:09:56,101.116
https://github.com/ActivityWatch/aw-import-screentime?tab=readme-ov-file,ActivityWatch/aw-import-screentime: Import data from Apple's Screen Time on macOS and iOS to ActivityWatch,2024-04-27 22:09:40,15739.25
https://github.com/ActivityWatch/aw-import-screentime?tab=readme-ov-file,ActivityWatch/aw-import-screentime: Import data from Apple's Screen Time on macOS and iOS to ActivityWatch,2024-04-27 22:09:39,985.778
https://github.com/ActivityWatch/aw-import-screentime?tab=readme-ov-file,ActivityWatch/aw-import-screentime: Import data from Apple's Screen Time on macOS and iOS to ActivityWatch,2024-04-27 22:09:39,405.773
https://github.com/ActivityWatch/aw-import-screentime?tab=readme-ov-file,ActivityWatch/aw-import-screentime: Import data from Apple's Screen Time on macOS and iOS to ActivityWatch,2024-04-27 22:09:38,965.106
https://discussions.apple.com/thread/254604035?sortBy=best,"How to get rid of ""Operation not permitte… - Apple Community",2024-04-27 22:08:38,0.0
https://discussions.apple.com/thread/254604035,"How to get rid of ""Operation not permitte… - Apple Community",2024-04-27 22:08:37,854.107
https://kagi.com/search?q=cp%3A+Knowledge%2FknowledgeC.db%3A+Operation+not+permitted,cp: Knowledge/knowledgeC.db: Operation not permitted - Kagi Search,2024-04-27 22:08:21,15434.579
https://kagi.com/search?q=cp%3A+Knowledge%2FknowledgeC.db%3A+Operation+not+permitted,cp: Knowledge/knowledgeC.db: Operation not permitted - Kagi Search,2024-04-27 22:08:21,23.862
https://kagi.com/search?q=cp:+Knowledge/knowledgeC.db:+Operation+not+permitted,cp: Knowledge/knowledgeC.db: Operation not permitted - Kagi Search,2024-04-27 22:08:21,829.396
https://www.r-bloggers.com/2019/10/spelunking-macos-screentime-app-usage-with-r/,Spelunking macOS ‘ScreenTime’ App Usage with R | R-bloggers,2024-04-27 22:06:35,183094.438
https://github.com/ActivityWatch/aw-import-screentime?tab=readme-ov-file,ActivityWatch/aw-import-screentime: Import data from Apple's Screen Time on macOS and iOS to ActivityWatch,2024-04-27 22:06:34,146.553
https://github.com/ActivityWatch/aw-import-screentime?tab=readme-ov-file,ActivityWatch/aw-import-screentime: Import data from Apple's Screen Time on macOS and iOS to ActivityWatch,2024-04-27 22:06:29,5618.775
https://github.com/ActivityWatch/aw-import-screentime?tab=readme-ov-file,ActivityWatch/aw-import-screentime: Import data from Apple's Screen Time on macOS and iOS to ActivityWatch,2024-04-27 22:06:28,917.178
https://github.com/ActivityWatch/aw-import-screentime?tab=readme-ov-file,ActivityWatch/aw-import-screentime: Import data from Apple's Screen Time on macOS and iOS to ActivityWatch,2024-04-27 22:06:27,604.206
https://github.com/ActivityWatch/aw-import-screentime?tab=readme-ov-file,ActivityWatch/aw-import-screentime: Import data from Apple's Screen Time on macOS and iOS to ActivityWatch,2024-04-27 22:06:26,920.259
https://powerusers.microsoft.com/t5/Building-Flows/Count-unread-inbox-emails/m-p/2462851#M275209,Solved: Re: Count unread inbox emails - Power Platform Community,2024-04-27 22:05:44,0.0
https://app.todoist.com/app/inbox,Inbox – Todoist,2024-04-27 22:05:36,0.0
https://app.todoist.com/app/filter/2340155923,⭐️ Work Focus (5) – Todoist,2024-04-27 22:05:16,20267.349
https://app.todoist.com/app/,Todoist,2024-04-27 22:05:16,24.56
https://app.todoist.com/app/,Todoist,2024-04-27 22:05:15,615.112
https://app.todoist.com/app/,Todoist,2024-04-27 22:05:13,2010.337
https://todoist.com/,Todoist,2024-04-27 22:05:13,0.0
https://stackoverflow.com/questions/6908143/should-i-put-shebang-in-python-scripts-and-what-form-should-it-take,"shell - Should I put #! (shebang) in Python scripts, and what form should it take? - Stack Overflow",2024-04-27 21:59:30,0.0
https://kagi.com/search?q=best+python+shebang,best python shebang - Kagi Search,2024-04-27 21:59:21,9336.774
https://kagi.com/search?q=python+shebang+mac,python shebang mac - Kagi Search,2024-04-27 21:59:16,5132.487
https://kagi.com/search?q=python+shebang+mac,python shebang mac - Kagi Search,2024-04-27 21:59:16,20.381
https://kagi.com/search?q=python+shebang+mac,python shebang mac - Kagi Search,2024-04-27 21:59:15,510.031
https://stackoverflow.com/questions/23463053/python-shebang-not-forcing-other-version-mac,macos - Python shebang not forcing other version [Mac] - Stack Overflow,2024-04-27 21:59:01,14012.665
https://kagi.com/search?q=python+shebang+mac,python shebang mac - Kagi Search,2024-04-27 21:58:57,4009.194
https://kagi.com/search?q=python+shebang+mac,python shebang mac - Kagi Search,2024-04-27 21:58:57,20.718
https://kagi.com/search?q=python+shebang+mac,python shebang mac - Kagi Search,2024-04-27 21:58:57,714.642
http://localhost:8501/,stapp · Streamlit,2024-04-27 21:43:37,0.0
http://localhost:8501/,stapp · Streamlit,2024-04-27 21:43:24,13116.616
https://chat.openai.com/c/93d03ab1-9860-4b58-aad8-b392946ca9e7,ChatGPT,2024-04-27 21:31:35,3644637.591
https://chat.openai.com/,ChatGPT,2024-04-27 21:27:30,244410.165
https://chat.openai.com/,ChatGPT,2024-04-27 21:27:29,781.767
https://kagi.com/,Kagi Search,2024-04-27 21:27:19,10768.49
https://kagi.com/,Kagi Search,2024-04-27 21:27:19,41.513
https://kagi.com/,Kagi Search,2024-04-27 21:27:19,40.413
https://kagi.com/,Kagi Search,2024-04-27 21:27:19,38.946
https://kagi.com/,Kagi Search,2024-04-27 21:27:19,50.784
chrome-extension://hoimpamkkoehapgenciaoajfkfkpgfop/onetab.html,OneTab,2024-04-27 21:27:18,0.0
https://kagi.com/,Kagi Search,2024-04-27 21:27:17,1892.938
https://login.microsoftonline.com/organizations/oauth2/v2.0/authorize?client_id=6204c1d1-4712-4c46-a7d9-3ed63d992682&scope=openid%20profile%20offline_access&redirect_uri=https%3A%2F%2Fmake.powerautomate.com%2Fauth&client-request-id=8badc62d-59f1-414b-87ae-93e59616b20a&response_mode=fragment&response_type=code&x-client-SKU=msal.js.browser&x-client-VER=2.37.1&client_info=1&code_challenge=jsJEyUzmZGjq2p8zHdI7o74HEu_wGMbsm4zR96NZOsA&code_challenge_method=S256&nonce=e1ca7c41-6844-4709-8a66-b95cf8819034&state=eyJpZCI6ImNmYTgyMTMwLWQzNjItNDU4NS1iYmY2LTg3NWMxZGI3MzFhZCIsIm1ldGEiOnsiaW50ZXJhY3Rpb25UeXBlIjoicmVkaXJlY3QifX0%3D,Sign in to your account,2024-04-27 18:59:19,5000.0
https://make.powerautomate.com/templates/,Microsoft Power Automate,2024-04-27 18:59:18,820.419
https://make.powerautomate.com/en-us/templates/,Microsoft Power Automate,2024-04-27 18:59:18,583.378
https://flow.microsoft.com/en-us/templates/,Microsoft Power Automate,2024-04-27 18:59:18,0.0
https://hulry.com/todoist-vs-apple-reminders/,Why I Moved to Apple Reminders from Todoist,2024-04-27 18:56:40,120158.163
https://kagi.com/search?q=i+want+one+app+on+mac+that+shows+my+outlook+email+and+todoist,i want one app on mac that shows my outlook email and todoist - Kagi Search,2024-04-27 18:56:12,28305.747
https://kagi.com/search?q=i+want+one+app+on+mac+that+shows+my+outlook+email+and+todoist,i want one app on mac that shows my outlook email and todoist - Kagi Search,2024-04-27 18:56:12,14.716
https://kagi.com/search?q=i+want+one+app+on+mac+that+shows+my+outlook+email+and+todoist,i want one app on mac that shows my outlook email and todoist - Kagi Search,2024-04-27 18:56:11,481.655
https://kagi.com/search?q=display+map+notifications+as+a+widget,display map notifications as a widget - Kagi Search,2024-04-27 18:55:30,192294.605
https://kagi.com/search?q=display+map+notifications+as+a+widget,display map notifications as a widget - Kagi Search,2024-04-27 18:55:30,24.666
https://kagi.com/search?q=display+map+notifications+as+a+widget,display map notifications as a widget - Kagi Search,2024-04-27 18:55:30,754.855
https://kagi.com/search?q=mac+send+specific+windows+to+specific+locations,mac send specific windows to specific locations - Kagi Search,2024-04-27 18:52:19,384628.343
https://kagi.com/search?q=mac+send+specific+windows+to+specific+locations,mac send specific windows to specific locations - Kagi Search,2024-04-27 18:52:19,15.204
https://kagi.com/search?q=mac+send+specific+windows+to+specific+locations,mac send specific windows to specific locations - Kagi Search,2024-04-27 18:52:19,378.539
https://www.lifewire.com/assign-mac-apps-to-open-in-specific-desktop-space-2260812,Assign Mac Apps to Open in a Specific Desktop Space or All Spaces,2024-04-27 18:50:46,93043.845
https://tidbits.com/2020/03/10/automate-window-positioning-with-macos-and-apps/,Automate Window Positioning With macOS and Apps - TidBITS,2024-04-27 18:48:35,127434.508
https://kagi.com/search?q=mac+send+specific+windows+to+specific+locations,mac send specific windows to specific locations - Kagi Search,2024-04-27 18:47:38,187766.505
https://kagi.com/search?q=mac+send+specific+windows+to+specific+locations,mac send specific windows to specific locations - Kagi Search,2024-04-27 18:47:38,25.572
https://kagi.com/search?q=mac+send+specific+windows+to+specific+locations,mac send specific windows to specific locations - Kagi Search,2024-04-27 18:47:38,550.301
https://kagi.com/search?q=can+I+display+an+arbitrary+URL+in+an+outlook+for+mac+panel+or+sidebar%3F,can I display an arbitrary URL in an outlook for mac panel or sidebar? - Kagi Search,2024-04-27 18:46:30,735920.094
https://kagi.com/search?q=can+I+display+an+arbitrary+URL+in+an+outlook+for+mac+panel+or+sidebar%3F,can I display an arbitrary URL in an outlook for mac panel or sidebar? - Kagi Search,2024-04-27 18:46:30,24.561
https://kagi.com/search?q=can+I+display+an+arbitrary+URL+in+an+outlook+for+mac+panel+or+sidebar%3F,can I display an arbitrary URL in an outlook for mac panel or sidebar? - Kagi Search,2024-04-27 18:46:29,611.123
https://outlook.office.com/tasks/inbox,Tasks - To Do,2024-04-27 18:43:44,903547.62
https://outlook.office.com/tasks/today/,My Day - To Do,2024-04-27 18:43:32,12400.11
https://outlook.office.com/tasks/today/,My Day - To Do,2024-04-27 18:43:31,952.656
https://outlook.office.com/tasks/auth/callback,Microsoft To Do,2024-04-27 18:43:30,839.664
https://outlook.office.com/tasks/auth/callback#code=M.C518_SN1.2.U.5b2d5728-93a8-0ead-82ff-3953d3f8452d&client_info=eyJ2ZXIiOiIxLjAiLCJzdWIiOiJBQUFBQUFBQUFBQUFBQUFBQUFBQUFNaWNHSGdlc3BYY1lYNWNhbHhiR2U0IiwibmFtZSI6Ik1pY2hhZWwgUm9zcyIsInByZWZlcnJlZF91c2VybmFtZSI6ImhleW1jcm9zc0BvdXRsb29rLmNvbSIsIm9pZCI6IjAwMDAwMDAwLTAwMDAtMDAwMC1lZGE5LWZjZDc5OGE2NmRiNCIsImVtYWlsIjoiaGV5bWNyb3NzQG91dGxvb2suY29tIiwidGlkIjoiOTE4ODA0MGQtNmM2Ny00YzViLWIxMTItMzZhMzA0YjY2ZGFkIiwiaG9tZV9vaWQiOiIwMDAwMDAwMC0wMDAwLTAwMDAtZWRhOS1mY2Q3OThhNjZkYjQiLCJ1aWQiOiIwMDAwMDAwMC0wMDAwLTAwMDAtZWRhOS1mY2Q3OThhNjZkYjQiLCJ1dGlkIjoiOTE4ODA0MGQtNmM2Ny00YzViLWIxMTItMzZhMzA0YjY2ZGFkIn0&state=eyJpZCI6IjcwZDc5YTNmLTc5OWEtNDI2NS1hZWMwLTZhOWY1YTkwNDQxYSIsIm1ldGEiOnsiaW50ZXJhY3Rpb25UeXBlIjoicmVkaXJlY3QifX0%3d,Microsoft To Do,2024-04-27 18:43:29,1028.21
https://login.live.com/oauth20_authorize.srf?client_id=3ff8e6ba-7dc3-4e9e-ba40-ee12b60d6d48&scope=openid+profile+email+offline_access&redirect_uri=https%3a%2f%2foutlook.office.com%2ftasks%2fauth%2fcallback&response_type=code&state=eyJpZCI6IjcwZDc5YTNmLTc5OWEtNDI2NS1hZWMwLTZhOWY1YTkwNDQxYSIsIm1ldGEiOnsiaW50ZXJhY3Rpb25UeXBlIjoicmVkaXJlY3QifX0%3d&response_mode=fragment&nonce=fca60cf6-4643-47cb-bdcc-879d75535b45&code_challenge=06lc9Dd_U8wDA9UN9EJkEu1BDrtRCdJHZnhRfJ8GlzY&code_challenge_method=S256&x-client-SKU=msal.js.browser&x-client-Ver=2.14.1&uaid=be9095d973634de7905a449075bdfbd9&msproxy=1&issuer=mso&tenant=common&ui_locales=en-US&client_info=1&epct=PAQABDgEAAADnfolhJpSnRYB1SVj-Hgd8JZ_FVz-O4BL-LpcfEz8Cy9U_sKcif8wdf0Runk3ZT9cJ3pUObtM7Zrdyyom_4jE6ipw_V-_UK1ODx76yAS6ASxSJpoqk_GbeayfV9aNQNHE5uDaPFG710x5LdfB8oG1plNgS5-1cSOxgQgdzwyWcjdMw8M5Ank0YF3wzpclEV4u3fQN8mGlHL3hd8d8rSI8CKnAVJw0StA5sv3hmSHOZXCAA&jshs=0&username=heymcross%40outlook.com&login_hint=heymcross%40outlook.com,Microsoft To Do,2024-04-27 18:43:29,0.0
https://login.microsoftonline.com/common/oauth2/v2.0/authorize?client_id=3ff8e6ba-7dc3-4e9e-ba40-ee12b60d6d48&scope=openid%20profile%20email%20offline_access&redirect_uri=https%3A%2F%2Foutlook.office.com%2Ftasks%2Fauth%2Fcallback&client-request-id=be9095d9-7363-4de7-905a-449075bdfbd9&response_mode=fragment&response_type=code&x-client-SKU=msal.js.browser&x-client-VER=2.14.1&x-client-OS=&x-client-CPU=&client_info=1&code_challenge=eLMTEwCVaILXi29bLkOK52z6oYb9Ad3UWS7NoCzvF3U&code_challenge_method=S256&prompt=select_account&nonce=fca60cf6-4643-47cb-bdcc-879d75535b45&state=eyJpZCI6IjcwZDc5YTNmLTc5OWEtNDI2NS1hZWMwLTZhOWY1YTkwNDQxYSIsIm1ldGEiOnsiaW50ZXJhY3Rpb25UeXBlIjoicmVkaXJlY3QifX0%3D,Sign in to your account,2024-04-27 18:43:17,11442.45
https://outlook.office.com/tasks/today/?auth=2,Microsoft To Do,2024-04-27 18:43:16,1659.855
https://outlook.office.com/tasks/today/?auth=2&utm_source=macoutlook,Microsoft To Do,2024-04-27 18:43:16,0.0
https://outlook.live.com/mail/0/AQMkADAwATNiZmYAZC01YzdjLWEwOTgtMDACLTAwCgAuAAADmLzHsJUkfkuxHdYs60sw%2BgEAjFAx2Zpcx0KVm7eiuz8NggABLDREiQAAAA%3D%3D/id/AQQkADAwATNiZmYAZC01YzdjLWEwOTgtMDACLTAwCgAQALRaqP1PdGNDsNrtsJ0rC5w%3D,Mail - Michael Ross - Outlook,2024-04-27 18:42:17,1033603.112
https://outlook.live.com/mail/0/AQMkADAwATNiZmYAZC01YzdjLWEwOTgtMDACLTAwCgAuAAADmLzHsJUkfkuxHdYs60sw%2BgEAjFAx2Zpcx0KVm7eiuz8NggABLDREiQAAAA%3D%3D/id/AQQkADAwATNiZmYAZC01YzdjLWEwOTgtMDACLTAwCgAQAJQXsaJY1lpJlDIA1uB4fdg%3D,Mail - Michael Ross - Outlook,2024-04-27 18:42:14,2347.484
https://powerusers.microsoft.com/t5/Building-Flows/Count-unread-inbox-emails/m-p/2462851#M275209,Solved: Re: Count unread inbox emails - Power Platform Community,2024-04-27 18:40:50,1107663.599
https://powerusers.microsoft.com/t5/Building-Flows/Count-unread-inbox-emails/td-p/2462796,Solved: Count unread inbox emails - Power Platform Community,2024-04-27 18:40:32,17744.166
https://kagi.com/search?q=can+I+use+power+apps+to+display+unread+email+count,can I use power apps to display unread email count - Kagi Search,2024-04-27 18:40:28,4210.53
https://kagi.com/search?q=can+I+use+power+apps+to+display+unread+email+count,can I use power apps to display unread email count - Kagi Search,2024-04-27 18:40:28,15.655
https://kagi.com/search?q=can+I+use+power+apps+to+display+unread+email+count,can I use power apps to display unread email count - Kagi Search,2024-04-27 18:40:28,475.221
https://www.microsoft.com/en-us/power-platform/products/power-apps#use-cases,Microsoft Power Apps – Build Apps with AI | Microsoft,2024-04-27 18:39:40,1185085.216
https://www.microsoft.com/en-us/power-platform/products/power-apps,Microsoft Power Apps – Build Apps with AI | Microsoft,2024-04-27 18:39:24,16601.098
https://kagi.com/search?q=power+apps,power apps - Kagi Search,2024-04-27 18:39:18,6007.183
https://kagi.com/search?q=power+apps,power apps - Kagi Search,2024-04-27 18:39:18,21.409
https://kagi.com/search?q=power+apps,power apps - Kagi Search,2024-04-27 18:39:17,325.662
https://learn.microsoft.com/en-us/answers/questions/1039534/search-via-url-directly-on-outlook-365-(web-versio,Search via URL directly on outlook 365 (web version) - Microsoft Q&A,2024-04-27 18:38:40,1246171.366
https://learn.microsoft.com/en-us/answers/questions/1039534/search-via-url-directly-on-outlook-365-(web-versio,Search via URL directly on outlook 365 (web version) - Microsoft Q&A,2024-04-27 18:38:40,282.012
https://kagi.com/search?q=outlook+web+navigate+directly+to+search+folder+via+url,outlook web navigate directly to search folder via url - Kagi Search,2024-04-27 18:38:24,16131.181
https://kagi.com/search?q=outlook+web+navigate+directly+to+search+folder+via+url,outlook web navigate directly to search folder via url - Kagi Search,2024-04-27 18:38:24,23.035
https://kagi.com/search?q=outlook+web+navigate+directly+to+search+folder+via+url,outlook web navigate directly to search folder via url - Kagi Search,2024-04-27 18:38:23,375.163
https://outlook.live.com/mail/0/AQMkADAwATNiZmYAZC01YzdjLWEwOTgtMDACLTAwCgAuAAADmLzHsJUkfkuxHdYs60sw%2BgEAjFAx2Zpcx0KVm7eiuz8NggABLDREiQAAAA%3D%3D,Mail - Michael Ross - Outlook,2024-04-27 18:38:01,252973.416
https://outlook.live.com/mail/0/,Mail - Michael Ross - Outlook,2024-04-27 18:37:55,6712.23
https://outlook.live.com/mail/0/AQMkADAwATNiZmYAZC01YzdjLWEwOTgtMDACLTAwCgAuAAADmLzHsJUkfkuxHdYs60sw%2BgEAjFAx2Zpcx0KVm7eiuz8NggABLDREiQAAAA%3D%3D,Mail - Michael Ross - Outlook,2024-04-27 18:37:54,772.158
https://outlook.live.com/mail/0/AQMkADAwATNiZmYAZC01YzdjLWEwOTgtMDACLTAwCgAuAAADmLzHsJUkfkuxHdYs60sw%2BgEAjFAx2Zpcx0KVm7eiuz8NggABLDREiQAAAA%3D%3D,Mail - Michael Ross - Outlook,2024-04-27 18:37:38,1315002.537
https://outlook.live.com/mail/0/,Mail - Michael Ross - Outlook,2024-04-27 18:37:01,36392.483
https://checkout.microsoft365.com/acquire/purchase?language=en-US&market=US&requestedDuration=month&scenario=microsoft-copilot-pro&campaign=ProForM3652moFree&ocid=cmmc7tebga8&client=outlook,Microsoft Checkout,2024-04-27 18:36:39,13100.795
https://login.live.com/oauth20_authorize.srf?client_id=0cbbf473-ef15-4bbe-8b7b-24f2ab1be1ee&scope=openid+profile+offline_access&redirect_uri=https%3a%2f%2fcheckout.microsoft365.com%2fsignin-oidc&response_type=code&state=CfDJ8Lt5CoSwdg1KlPFsbq7fsRyzrQu2NzaAImJ1-nr5RPq2g22KVtmjcQ0DbkCntGKLen-Y9IqD8YxaWcsUO1uqRQbF2y5wLjRDP0fsewdwBhphgtZ8VU0_2XqN8OTXldnZJWVk_9jKhuMnxNN5FcmuIFOJ4PsN6xcRZ662KNBzZ4nvUM0viyrK0Pl-CFKbDNJIRLec6VRrxzPSGrKl9xkM2lqI_CWKkOPd-iESGXxE5lSHlb9QPrANpvRtyODcfuBTtBnZwYBYMbpCKlCf6Hr4W0At2OFmF4Mv-D19uAvXneKQy4zVh-hBAufuC_gfuxLvJqNZFgf2Z9f11ZdiC9uW68bVZGTTjkiQGJg2yKZvshWhs2Jgdz1HDe8GEArASgAExW8CVQtaFSiM9Z1VwA33dUONUBVTDVwJ3XbA9oyyr_Ly6xvtumC4nl-wI3U4llNtol04ao-zC_ldeZN779mM31Aq1QqtuF6RnCCIIsRhXHRql9DCFFtY-nxgShNEbO9A5AcwWkT5SgC9NLUOUffiSZmScSeV6flOEi1_CUDrmhIeoPbNMxuJgZVNt78uuV3_fWWyYw0oyheZ_bM0rJPRLp3Rr9Owe2i8XlqcVh9SLzxTHmIl2xQXA3vFgVs_vc_Hm9Bgj0MPacSiOa3tHZ75kF5s344Vdm3CDx1_HeM9IHz7&response_mode=form_post&nonce=638498541975985565.MDI0MGQyYTgtNzA3ZS00MDgzLWIzODktYjU5NWMwZjVjZjFkN2I4MjZjNmQtYzU0Yi00NTI5LThmM2UtNmJhNWNmZWRlYjEz&code_challenge=OKITIwn7eEsKbyidSadK9TlQbJgKV3A0GJdbeqi2bCg&code_challenge_method=S256&x-client-SKU=ID_NET8_0&x-client-Ver=7.5.0.0&uaid=345bacbd0e45d3679d42b7be9ea1731d&msproxy=1&issuer=mso&tenant=consumers&ui_locales=en-US&client_info=1&epct=PAQABDgEAAADnfolhJpSnRYB1SVj-Hgd87QDyYuenmyz5iBOyoxiFNNmxkl2ADcXckWu-yLNHEyt1KiFW__SCSc9ee5oER4oOp7j9bJHfKA1-7_WqIbkXDOedTN3VfdFgWeKcPsC3OEau3TkQvz_UvJwLL_v4x63_q3t2YwCZbRu_CoBbYNRroon5kucNfkivNOQoAvsLxzjq2reklQkizrdwNy6Uk1vqyF5U4WjPz2DNw86-Q6pu3yAA&jshs=0#,Continue,2024-04-27 18:36:37,1550.412
https://login.microsoftonline.com/consumers/oauth2/v2.0/authorize?client_id=0cbbf473-ef15-4bbe-8b7b-24f2ab1be1ee&redirect_uri=https%3A%2F%2Fcheckout.microsoft365.com%2Fsignin-oidc&response_type=code&scope=openid%20profile%20offline_access&code_challenge=WJ5N0hJoRTvEqvyXua37ZWD56tWzVBao-v_-kAq0g_c&code_challenge_method=S256&response_mode=form_post&nonce=638498541975985565.MDI0MGQyYTgtNzA3ZS00MDgzLWIzODktYjU5NWMwZjVjZjFkN2I4MjZjNmQtYzU0Yi00NTI5LThmM2UtNmJhNWNmZWRlYjEz&client_info=1&x-client-brkrver=IDWeb.2.17.5.0&state=CfDJ8Lt5CoSwdg1KlPFsbq7fsRyzrQu2NzaAImJ1-nr5RPq2g22KVtmjcQ0DbkCntGKLen-Y9IqD8YxaWcsUO1uqRQbF2y5wLjRDP0fsewdwBhphgtZ8VU0_2XqN8OTXldnZJWVk_9jKhuMnxNN5FcmuIFOJ4PsN6xcRZ662KNBzZ4nvUM0viyrK0Pl-CFKbDNJIRLec6VRrxzPSGrKl9xkM2lqI_CWKkOPd-iESGXxE5lSHlb9QPrANpvRtyODcfuBTtBnZwYBYMbpCKlCf6Hr4W0At2OFmF4Mv-D19uAvXneKQy4zVh-hBAufuC_gfuxLvJqNZFgf2Z9f11ZdiC9uW68bVZGTTjkiQGJg2yKZvshWhs2Jgdz1HDe8GEArASgAExW8CVQtaFSiM9Z1VwA33dUONUBVTDVwJ3XbA9oyyr_Ly6xvtumC4nl-wI3U4llNtol04ao-zC_ldeZN779mM31Aq1QqtuF6RnCCIIsRhXHRql9DCFFtY-nxgShNEbO9A5AcwWkT5SgC9NLUOUffiSZmScSeV6flOEi1_CUDrmhIeoPbNMxuJgZVNt78uuV3_fWWyYw0oyheZ_bM0rJPRLp3Rr9Owe2i8XlqcVh9SLzxTHmIl2xQXA3vFgVs_vc_Hm9Bgj0MPacSiOa3tHZ75kF5s344Vdm3CDx1_HeM9IHz7&cobrandId=&client-request-id=345bacbd0e45d3679d42b7be9ea1731d&x-client-SKU=ID_NET8_0&x-client-ver=7.5.0.0,Continue,2024-04-27 18:36:37,0.0
https://checkout.microsoft365.com/acquire/purchase?language=en-US&market=US&requestedDuration=month&scenario=microsoft-copilot-pro&campaign=ProForM3652moFree&ocid=cmmc7tebga8&client=outlook,Microsoft Checkout,2024-04-27 18:36:37,0.0
https://go.microsoft.com/fwlink/?linkid=2259324&ocid=cmmc7tebga8&client=outlook,Continue,2024-04-27 18:36:37,0.0
https://kagi.com/search?q=outlook+web+mobile+view+with+specific+filters,outlook web mobile view with specific filters - Kagi Search,2024-04-27 18:31:29,1682083.945
https://kagi.com/search?q=outlook+web+mobile+view+with+specific+filters,outlook web mobile view with specific filters - Kagi Search,2024-04-27 18:31:29,16.869
https://kagi.com/search?q=outlook+web+mobile+view+with+specific+filters,outlook web mobile view with specific filters - Kagi Search,2024-04-27 18:31:29,362.719
https://outlook.live.com/mail/0/,Mail - Michael Ross - Outlook,2024-04-27 18:30:48,373222.98
https://outlook.live.com/owa/0/?username=heymcross%40outlook.com&RpsCsrfState=039fcd73-4252-bc7a-9cbe-96af9b9ec8a4,Mail - Michael Ross - Outlook,2024-04-27 18:30:48,0.0
https://login.live.com/ppsecure/post.srf?username=heymcross%40outlook.com&id=292841&contextid=FCD056F0787FA9CD&opid=24DD8F8513EEA959&bk=1714257034&uaid=0bc5662e29a14433aa69797323638081&pid=0,Continue,2024-04-27 18:30:47,718.315
https://login.live.com/login.srf?wa=wsignin1.0&rpsnv=151&ct=1714257034&rver=7.0.6738.0&wp=MBI_SSL&wreply=https%3a%2f%2foutlook.live.com%2fowa%2f%3fusername%3dheymcross%2540outlook.com%26RpsCsrfState%3d039fcd73-4252-bc7a-9cbe-96af9b9ec8a4&id=292841&aadredir=0&username=heymcross%40outlook.com&CBCXT=out&lw=1&fl=dob%2cflname%2cwld&login_hint=heymcross%40outlook.com,Sign in to your Microsoft account,2024-04-27 18:30:35,12943.808
https://login.live.com/login.srf?wa=wsignin1.0&rpsnv=151&ct=1714257034&rver=7.0.6738.0&wp=MBI_SSL&wreply=https%3a%2f%2foutlook.live.com%2fowa%2f%3fusername%3dheymcross%2540outlook.com%26RpsCsrfState%3d039fcd73-4252-bc7a-9cbe-96af9b9ec8a4&id=292841&aadredir=0&username=heymcross%40outlook.com&CBCXT=out&lw=1&fl=dob%2cflname%2cwld&login_hint=heymcross%40outlook.com,Sign in to your Microsoft account,2024-04-27 18:30:35,18.812
https://login.live.com/login.srf?wa=wsignin1.0&rpsnv=151&ct=1714257034&rver=7.0.6738.0&wp=MBI_SSL&wreply=https%3a%2f%2foutlook.live.com%2fowa%2f%3fusername%3dheymcross%2540outlook.com%26RpsCsrfState%3d039fcd73-4252-bc7a-9cbe-96af9b9ec8a4&id=292841&aadredir=0&username=heymcross%40outlook.com&CBCXT=out&lw=1&fl=dob%2cflname%2cwld&login_hint=heymcross%40outlook.com,Sign in to your Microsoft account,2024-04-27 18:30:34,391.202
https://login.microsoftonline.com/common/oauth2/authorize?client_id=00000002-0000-0ff1-ce00-000000000000&redirect_uri=https%3a%2f%2foutlook.office.com%2fowa%2f&resource=00000002-0000-0ff1-ce00-000000000000&response_mode=form_post&response_type=code+id_token&scope=openid&msafed=1&msaredir=1&client-request-id=e7cf9e44-95c7-64a0-c23a-24607a7916e6&protectedtoken=true&claims=%7b%22id_token%22%3a%7b%22xms_cc%22%3a%7b%22values%22%3a%5b%22CP1%22%5d%7d%7d%7d&nonce=638498538226336333.bae57463-eb3f-49e2-97f6-393f0fe0d6f3&state=DYtBDoAgDASLxudUCAuFPgdie_Xo920yM7dJRHSGR5hKhIZgNp0ds1YBAtx7WR9NwLbh3NQq63BhKLy4lUccKd4rv9_KPw,Sign in to Outlook,2024-04-27 18:30:23,10779.769
https://login.microsoftonline.com/common/oauth2/authorize?client_id=00000002-0000-0ff1-ce00-000000000000&redirect_uri=https%3a%2f%2foutlook.office.com%2fowa%2f&resource=00000002-0000-0ff1-ce00-000000000000&response_mode=form_post&response_type=code+id_token&scope=openid&msafed=1&msaredir=1&client-request-id=e7cf9e44-95c7-64a0-c23a-24607a7916e6&protectedtoken=true&claims=%7b%22id_token%22%3a%7b%22xms_cc%22%3a%7b%22values%22%3a%5b%22CP1%22%5d%7d%7d%7d&nonce=638498538226336333.bae57463-eb3f-49e2-97f6-393f0fe0d6f3&state=DYtBDoAgDASLxudUCAuFPgdie_Xo920yM7dJRHSGR5hKhIZgNp0ds1YBAtx7WR9NwLbh3NQq63BhKLy4lUccKd4rv9_KPw,Sign in to Outlook,2024-04-27 18:30:23,25.868
https://login.microsoftonline.com/common/oauth2/authorize?client_id=00000002-0000-0ff1-ce00-000000000000&redirect_uri=https%3a%2f%2foutlook.office.com%2fowa%2f&resource=00000002-0000-0ff1-ce00-000000000000&response_mode=form_post&response_type=code+id_token&scope=openid&msafed=1&msaredir=1&client-request-id=e7cf9e44-95c7-64a0-c23a-24607a7916e6&protectedtoken=true&claims=%7b%22id_token%22%3a%7b%22xms_cc%22%3a%7b%22values%22%3a%5b%22CP1%22%5d%7d%7d%7d&nonce=638498538226336333.bae57463-eb3f-49e2-97f6-393f0fe0d6f3&state=DYtBDoAgDASLxudUCAuFPgdie_Xo920yM7dJRHSGR5hKhIZgNp0ds1YBAtx7WR9NwLbh3NQq63BhKLy4lUccKd4rv9_KPw,Sign in to Outlook,2024-04-27 18:30:23,37.727
https://login.microsoftonline.com/common/oauth2/authorize?client_id=00000002-0000-0ff1-ce00-000000000000&redirect_uri=https%3a%2f%2foutlook.office.com%2fowa%2f&resource=00000002-0000-0ff1-ce00-000000000000&response_mode=form_post&response_type=code+id_token&scope=openid&msafed=1&msaredir=1&client-request-id=e7cf9e44-95c7-64a0-c23a-24607a7916e6&protectedtoken=true&claims=%7b%22id_token%22%3a%7b%22xms_cc%22%3a%7b%22values%22%3a%5b%22CP1%22%5d%7d%7d%7d&nonce=638498538226336333.bae57463-eb3f-49e2-97f6-393f0fe0d6f3&state=DYtBDoAgDASLxudUCAuFPgdie_Xo920yM7dJRHSGR5hKhIZgNp0ds1YBAtx7WR9NwLbh3NQq63BhKLy4lUccKd4rv9_KPw,Sign in to Outlook,2024-04-27 18:30:23,17.918
https://login.microsoftonline.com/common/oauth2/authorize?client_id=00000002-0000-0ff1-ce00-000000000000&redirect_uri=https%3a%2f%2foutlook.office.com%2fowa%2f&resource=00000002-0000-0ff1-ce00-000000000000&response_mode=form_post&response_type=code+id_token&scope=openid&msafed=1&msaredir=1&client-request-id=e7cf9e44-95c7-64a0-c23a-24607a7916e6&protectedtoken=true&claims=%7b%22id_token%22%3a%7b%22xms_cc%22%3a%7b%22values%22%3a%5b%22CP1%22%5d%7d%7d%7d&nonce=638498538226336333.bae57463-eb3f-49e2-97f6-393f0fe0d6f3&state=DYtBDoAgDASLxudUCAuFPgdie_Xo920yM7dJRHSGR5hKhIZgNp0ds1YBAtx7WR9NwLbh3NQq63BhKLy4lUccKd4rv9_KPw,Sign in to Outlook,2024-04-27 18:30:22,981.405
https://outlook.office.com/owa/,Sign in to Outlook,2024-04-27 18:30:22,0.0
https://outlook.office.com/,Sign in to Outlook,2024-04-27 18:30:22,0.0
https://www.reddit.com/r/raycastapp/comments/119udi1/outlook_email_search/,Outlook email search? : r/raycastapp,2024-04-27 18:24:07,10551.346
https://kagi.com/search?q=raycast+outlook+email+search,raycast outlook email search - Kagi Search,2024-04-27 18:24:04,3235.173
https://kagi.com/search?q=raycast+outlook+email+search,raycast outlook email search - Kagi Search,2024-04-27 18:24:04,19.737
https://kagi.com/search?q=raycast+outlook+email+search,raycast outlook email search - Kagi Search,2024-04-27 18:24:04,329.68
https://kagi.com/search?q=raycast+outlook,raycast outlook - Kagi Search,2024-04-27 18:23:48,2146866.257
https://kagi.com/search?q=raycast+outlook,raycast outlook - Kagi Search,2024-04-27 18:23:48,22.095
https://kagi.com/search?q=raycast+outlook,raycast outlook - Kagi Search,2024-04-27 18:23:48,399.542
https://github.com/raycast/extensions/tree/main/extensions,extensions/extensions at main · raycast/extensions,2024-04-27 18:23:33,2164152.401
https://github.com/raycast/extensions/tree/main/extensions,extensions/extensions at main · raycast/extensions,2024-04-27 18:23:31,2112.058
https://github.com/raycast/extensions,raycast/extensions: Everything you need to extend Raycast.,2024-04-27 18:23:31,129.666
https://github.com/raycast/extensions,raycast/extensions: Everything you need to extend Raycast.,2024-04-27 18:23:21,9721.707
https://github.com/raycast/extensions,raycast/extensions: Everything you need to extend Raycast.,2024-04-27 18:23:21,253.689
https://github.com/xeric,xeric (xeric),2024-04-27 18:23:21,69.701
https://github.com/xeric,xeric (xeric),2024-04-27 18:23:04,17021.283
https://github.com/xeric,xeric (xeric),2024-04-27 18:23:03,368.523
https://github.com/xeric/alfred-outlook,xeric/alfred-outlook: Alfred outlook mail/contact search,2024-04-27 18:23:03,66.598
https://github.com/giovannicoppola/alfred-outlookSuite,giovannicoppola/alfred-outlookSuite: A suite of tools to interact with Microsoft Outlook via Alfred,2024-04-27 18:22:16,2240129.428
https://github.com/giovannicoppola/alfred-outlookSuite,giovannicoppola/alfred-outlookSuite: A suite of tools to interact with Microsoft Outlook via Alfred,2024-04-27 18:22:15,1037.739
https://github.com/giovannicoppola/alfred-outlookSuite,giovannicoppola/alfred-outlookSuite: A suite of tools to interact with Microsoft Outlook via Alfred,2024-04-27 18:22:15,239.694
https://github.com/giovannicoppola/alfred-outlookSuite,giovannicoppola/alfred-outlookSuite: A suite of tools to interact with Microsoft Outlook via Alfred,2024-04-27 18:22:14,903.732
https://github.com/xeric/alfred-outlook,xeric/alfred-outlook: Alfred outlook mail/contact search,2024-04-27 18:22:12,51187.051
https://github.com/xeric/alfred-outlook,xeric/alfred-outlook: Alfred outlook mail/contact search,2024-04-27 18:22:11,559.065
https://github.com/xeric/alfred-outlook,xeric/alfred-outlook: Alfred outlook mail/contact search,2024-04-27 18:22:11,242.799
https://github.com/xeric/alfred-outlook,xeric/alfred-outlook: Alfred outlook mail/contact search,2024-04-27 18:22:11,632.001
https://www.alfredforum.com/topic/11220-searching-for-outlook-emails/,Searching for Outlook emails - Workflow Help & Questions - Alfred App Community Forum,2024-04-27 18:22:09,18359.167
https://www.alfredforum.com/topic/11220-searching-for-outlook-emails/,Searching for Outlook emails - Workflow Help & Questions - Alfred App Community Forum,2024-04-27 18:22:09,400.437
https://kagi.com/search?q=alfred+outlook+search,alfred outlook search - Kagi Search,2024-04-27 18:22:05,13481.799
https://kagi.com/search?q=alfred+outlook+search,alfred outlook search - Kagi Search,2024-04-27 18:22:05,14.843
https://kagi.com/search?q=alfred+outlook+search,alfred outlook search - Kagi Search,2024-04-27 18:22:05,483.624
https://mspoweruser.com/applescript-support-coming-to-new-outlook-for-mac-by-the-end-of-this-year/,AppleScript support coming to new Outlook for Mac by the end of this year - MSPoweruser,2024-04-27 18:09:46,33828.484
https://kagi.com/search?q=applescript+outlook+got+an+error+can%27t+get+account+1+outlook+15,applescript outlook got an error can't get account 1 outlook 15 - Kagi Search,2024-04-27 18:09:16,30351.163
https://kagi.com/search?q=applescript+outlook+got+an+error+can%27t+get+account+1,applescript outlook got an error can't get account 1 - Kagi Search,2024-04-27 18:09:02,13651.959
https://kagi.com/search?q=applescript+outlook+got+an+error+can%27t+get+account+1,applescript outlook got an error can't get account 1 - Kagi Search,2024-04-27 18:09:02,15.761
https://kagi.com/search?q=applescript+outlook+got+an+error+can%27t+get+account+1,applescript outlook got an error can't get account 1 - Kagi Search,2024-04-27 18:09:02,359.722
https://www.macscripter.net/t/outlook-script-not-working-error-to-item-1-of-result/72479,"Outlook script not working, error: to item 1 of result - Scripting Forums / AppleScript | Mac OS X - MacScripter",2024-04-27 18:08:52,10202.442
https://www.macscripter.net/t/outlook-script-not-working-error-to-item-1-of-result/72479,"Outlook script not working, error: to item 1 of result - Scripting Forums / AppleScript | Mac OS X - MacScripter",2024-04-27 18:08:52,15.436
https://www.macscripter.net/t/outlook-script-not-working-error-to-item-1-of-result/72479,"Outlook script not working, error: to item 1 of result - Scripting Forums / AppleScript | Mac OS X - MacScripter",2024-04-27 18:08:51,672.7
https://kagi.com/search?q=applescript+outlook+got+an+error+can%27t+get+account+1,applescript outlook got an error can't get account 1 - Kagi Search,2024-04-27 18:08:48,2678.32
https://kagi.com/search?q=applescript+outlook+got+an+error+can%27t+get+account+1,applescript outlook got an error can't get account 1 - Kagi Search,2024-04-27 18:08:48,24.997
https://kagi.com/search?q=applescript+outlook+got+an+error+can%27t+get+account+1,applescript outlook got an error can't get account 1 - Kagi Search,2024-04-27 18:08:48,669.77
https://chat.openai.com/c/9ef0909b-2cb1-4eb1-b38e-5aadd9b2e7a7,Flagged Emails: Parse Outlook,2024-04-27 18:00:27,3551746.476
https://chat.openai.com/,ChatGPT,2024-04-27 18:00:21,5182.163
https://chat.openai.com/,ChatGPT,2024-04-27 18:00:21,762.612
https://kagi.com/search?q=applescript+count+messages+in+inbox,applescript count messages in inbox - Kagi Search,2024-04-27 17:58:41,3658764.044
https://kagi.com/search?q=applescript+count+messages+in+outlook+inbox,applescript count messages in outlook inbox - Kagi Search,2024-04-27 17:57:36,64968.044
https://kagi.com/search?q=applescript+count+messages+in+outlook+inbox,applescript count messages in outlook inbox - Kagi Search,2024-04-27 17:57:36,16.183
https://kagi.com/search?q=applescript+count+messages+in+outlook+inbox,applescript count messages in outlook inbox - Kagi Search,2024-04-27 17:57:35,371.151
https://github.com/netpappy/Outlook-AppleScript,"netpappy/Outlook-AppleScript: Here are my Outlook AppleScripts that I have written to make my interactions with Outlook easier. I did use some examples found by searching the internet, but it has been awhile, so I don't forget the webpages/blogs that I found that information on.",2024-04-27 17:57:29,6389.408
https://github.com/netpappy/Outlook-AppleScript,"netpappy/Outlook-AppleScript: Here are my Outlook AppleScripts that I have written to make my interactions with Outlook easier. I did use some examples found by searching the internet, but it has been awhile, so I don't forget the webpages/blogs that I found that information on.",2024-04-27 17:57:28,803.26
https://github.com/netpappy/Outlook-AppleScript,"netpappy/Outlook-AppleScript: Here are my Outlook AppleScripts that I have written to make my interactions with Outlook easier. I did use some examples found by searching the internet, but it has been awhile, so I don't forget the webpages/blogs that I found that information on.",2024-04-27 17:57:28,372.545
https://github.com/netpappy/Outlook-AppleScript,"netpappy/Outlook-AppleScript: Here are my Outlook AppleScripts that I have written to make my interactions with Outlook easier. I did use some examples found by searching the internet, but it has been awhile, so I don't forget the webpages/blogs that I found that information on.",2024-04-27 17:57:27,703.477
https://kagi.com/search?q=applescript+count+messages+in+outlook+inbox,applescript count messages in outlook inbox - Kagi Search,2024-04-27 17:57:18,9363.445
https://kagi.com/search?q=applescript+count+messages+in+outlook+inbox,applescript count messages in outlook inbox - Kagi Search,2024-04-27 17:57:18,22.569
https://kagi.com/search?q=applescript+count+messages+in+outlook+inbox,applescript count messages in outlook inbox - Kagi Search,2024-04-27 17:57:17,516.065
https://answers.microsoft.com/en-us/outlook_com/forum/all/inbox-email-count-in-new-outlook-for-mac/4b1d2cd7-1978-4a6c-9480-bf2706812300,Inbox Email Count in New Outlook for Mac - Microsoft Community,2024-04-27 17:56:59,18521.12
https://login.live.com/oauth20_authorize.srf?client_id=a81d90ac-aa75-4cf8-b14c-58bf348528fe&scope=openid+profile&redirect_uri=https%3a%2f%2fanswers.microsoft.com&response_type=code+id_token&state=OpenIdConnect.AuthenticationProperties%3dSmeETi8H8DlnXESymtY8eLLtZZXNw4krfnVT1Y3yb_GfQT5K5DSzS6-KcN85DgFqzGhf50gWeDoLZHhKKJMKLy9AZx5UzpdjrDcGPeijkkPPtcp5y0Y7uT-IHofwzHitxuOaWQLW6V7NZOz4BA8GqN-YUT-rDae-6t25Oh0wMBWTd8dwju3rLSBBIQJgeMdhnIgikHYJJ8UCr1RUgmb7Ivu2xsNmrpAhH0n7-CX2jNdAqbtzqIguBSXOF2bEM7wYTCDd6-XbG22ewd0uUqBtimmvBVY79psE3UGzzqPJoNo7Akfh0mV2DLp5D-Qn5pJEn52WcSBrjOwcX4M3aQqGh2D05hZRgwcFICbPCBl3yNdMXoyFdJPE8OVvcUNqulCq&response_mode=form_post&nonce=638498518153930977.OWIzZTYyZDMtZDAxZS00Y2RiLTlmZTktNTJkYjI5ODk3OGM1YWFlYjE1NjYtMDI4Zi00M2Y1LTlkOGYtODEzN2YzOWY4MmRh&prompt=none&x-client-SKU=ID_NET472&x-client-Ver=6.17.0.0&uaid=1a158ada7aa84534ac12e67bec883f94&msproxy=1&issuer=mso&tenant=common&ui_locales=en-US&epct=PAQABDgEAAADnfolhJpSnRYB1SVj-Hgd8Q8Cu7dKAF4w8oR64w94PMDqmJcvtZPfGzL-pEqZL1qHKqHx__ku4BCMoPjD1wgFZ_g59gCOEjBgnzD4yIYooSXUozfDqoq806RbPeNAblXaUpuMecAlWqlsLHtoi-5mF-bK7jztXyBzzpEOfOdXEQ9lm44cYH3AxWtbsarKvssM9LqvKltRGwVTYRUquHyXLf2nL6_Ruwog4JbKQPDL3IyAA&jshs=0&nopa=2,Continue,2024-04-27 17:56:57,1433.866
https://login.microsoftonline.com/common/oauth2/v2.0/authorize?client_id=a81d90ac-aa75-4cf8-b14c-58bf348528fe&redirect_uri=https%3A%2F%2Fanswers.microsoft.com&response_type=code%20id_token&scope=openid%20profile&state=OpenIdConnect.AuthenticationProperties%3DSmeETi8H8DlnXESymtY8eLLtZZXNw4krfnVT1Y3yb_GfQT5K5DSzS6-KcN85DgFqzGhf50gWeDoLZHhKKJMKLy9AZx5UzpdjrDcGPeijkkPPtcp5y0Y7uT-IHofwzHitxuOaWQLW6V7NZOz4BA8GqN-YUT-rDae-6t25Oh0wMBWTd8dwju3rLSBBIQJgeMdhnIgikHYJJ8UCr1RUgmb7Ivu2xsNmrpAhH0n7-CX2jNdAqbtzqIguBSXOF2bEM7wYTCDd6-XbG22ewd0uUqBtimmvBVY79psE3UGzzqPJoNo7Akfh0mV2DLp5D-Qn5pJEn52WcSBrjOwcX4M3aQqGh2D05hZRgwcFICbPCBl3yNdMXoyFdJPE8OVvcUNqulCq&response_mode=form_post&nonce=638498518153930977.OWIzZTYyZDMtZDAxZS00Y2RiLTlmZTktNTJkYjI5ODk3OGM1YWFlYjE1NjYtMDI4Zi00M2Y1LTlkOGYtODEzN2YzOWY4MmRh&nopa=2&prompt=none&x-client-SKU=ID_NET472&x-client-ver=6.17.0.0&sso_reload=true,Redirecting,2024-04-27 17:56:56,957.655
https://login.microsoftonline.com/common/oauth2/v2.0/authorize?client_id=a81d90ac-aa75-4cf8-b14c-58bf348528fe&redirect_uri=https%3A%2F%2Fanswers.microsoft.com&response_type=code%20id_token&scope=openid%20profile&state=OpenIdConnect.AuthenticationProperties%3DSmeETi8H8DlnXESymtY8eLLtZZXNw4krfnVT1Y3yb_GfQT5K5DSzS6-KcN85DgFqzGhf50gWeDoLZHhKKJMKLy9AZx5UzpdjrDcGPeijkkPPtcp5y0Y7uT-IHofwzHitxuOaWQLW6V7NZOz4BA8GqN-YUT-rDae-6t25Oh0wMBWTd8dwju3rLSBBIQJgeMdhnIgikHYJJ8UCr1RUgmb7Ivu2xsNmrpAhH0n7-CX2jNdAqbtzqIguBSXOF2bEM7wYTCDd6-XbG22ewd0uUqBtimmvBVY79psE3UGzzqPJoNo7Akfh0mV2DLp5D-Qn5pJEn52WcSBrjOwcX4M3aQqGh2D05hZRgwcFICbPCBl3yNdMXoyFdJPE8OVvcUNqulCq&response_mode=form_post&nonce=638498518153930977.OWIzZTYyZDMtZDAxZS00Y2RiLTlmZTktNTJkYjI5ODk3OGM1YWFlYjE1NjYtMDI4Zi00M2Y1LTlkOGYtODEzN2YzOWY4MmRh&nopa=2&prompt=none&x-client-SKU=ID_NET472&x-client-ver=6.17.0.0,Redirecting,2024-04-27 17:56:55,1276.62
https://answers.microsoft.com/en-us/site/silentsignin?returnUrl=https%3A%2F%2Fanswers.microsoft.com%2Fen-us%2Foutlook_com%2Fforum%2Fall%2Finbox-email-count-in-new-outlook-for-mac%2F4b1d2cd7-1978-4a6c-9480-bf2706812300,Redirecting,2024-04-27 17:56:55,0.0
https://answers.microsoft.com/en-us/outlook_com/forum/all/inbox-email-count-in-new-outlook-for-mac/4b1d2cd7-1978-4a6c-9480-bf2706812300,Inbox Email Count in New Outlook for Mac - Microsoft Community,2024-04-27 17:56:55,0.0
https://kagi.com/search?q=applescript+count+messages+in+outlook+inbox,applescript count messages in outlook inbox - Kagi Search,2024-04-27 17:56:34,21259.249
https://kagi.com/search?q=applescript+count+messages+in+inbox,applescript count messages in inbox - Kagi Search,2024-04-27 17:56:27,6761.626
https://kagi.com/search?q=applescript+count+messages+in+inbox,applescript count messages in inbox - Kagi Search,2024-04-27 17:56:27,23.955
https://kagi.com/search?q=applescript+count+messages+in+inbox,applescript count messages in inbox - Kagi Search,2024-04-27 17:56:27,421.843
https://apple.stackexchange.com/questions/7897/script-that-outputs-number-of-emails-in-mail-app-inbox,applescript - Script that outputs number of emails in Mail.app inbox - Ask Different,2024-04-27 17:56:18,8746.652
https://kagi.com/search?q=applescript+count+messages+in+inbox,applescript count messages in inbox - Kagi Search,2024-04-27 17:56:08,9469.105
https://kagi.com/search?q=applescript+count+messages+in+inbox,applescript count messages in inbox - Kagi Search,2024-04-27 17:56:08,18.366
https://kagi.com/search?q=applescript+count+messages+in+inbox,applescript count messages in inbox - Kagi Search,2024-04-27 17:56:08,477.803
https://apple.stackexchange.com/questions/7897/script-that-outputs-number-of-emails-in-mail-app-inbox,applescript - Script that outputs number of emails in Mail.app inbox - Ask Different,2024-04-27 17:55:35,33275.97
https://kagi.com/search?q=applescript+count+messages+in+inbox,applescript count messages in inbox - Kagi Search,2024-04-27 17:55:33,2134.097
https://kagi.com/search?q=applescript+count+messages+in+inbox,applescript count messages in inbox - Kagi Search,2024-04-27 17:55:33,26.778
https://kagi.com/search?q=applescript+count+messages+in+inbox,applescript count messages in inbox - Kagi Search,2024-04-27 17:55:32,679.971
https://towardsdatascience.com/creating-an-email-parser-with-python-and-sql-c79cb8771dac,Creating an Email Parser with Python and SQL | by Benjamin Dornel | Towards Data Science,2024-04-27 17:54:36,3905565.258
https://towardsdatascience.com/creating-an-email-parser-with-python-and-sql-c79cb8771dac?gi=3d75ae5013d2,Creating an Email Parser with Python and SQL | by Benjamin Dornel | Towards Data Science,2024-04-27 17:54:34,1461.892
https://medium.com/m/global-identity-2?redirectUrl=https%3A%2F%2Ftowardsdatascience.com%2Fcreating-an-email-parser-with-python-and-sql-c79cb8771dac,Creating an Email Parser with Python and SQL | by Benjamin Dornel | Towards Data Science,2024-04-27 17:54:34,0.0
https://towardsdatascience.com/creating-an-email-parser-with-python-and-sql-c79cb8771dac,Creating an Email Parser with Python and SQL | by Benjamin Dornel | Towards Data Science,2024-04-27 17:54:34,0.0
https://www.reddit.com/r/learnpython/comments/csvx8j/i_want_to_read_emails_from_a_outlook_mailbox_what/,I want to read emails from a Outlook mailbox. What library should I use? : r/learnpython,2024-04-27 17:54:30,3911928.851
https://stackoverflow.com/questions/66028591/parse-an-outlook-mail-from-a-specific-sender-in-python-in-mac-os,email - Parse an outlook mail from a specific sender in python in Mac OS - Stack Overflow,2024-04-27 17:54:28,3915047.231
https://kagi.com/search?q=is+there+any+way+to+parse+my+outlook+emails+from+python+on+mac,is there any way to parse my outlook emails from python on mac - Kagi Search,2024-04-27 17:54:20,16278.074
https://kagi.com/search?q=is+there+any+way+to+parse+my+outlook+emails+from+python+on+mac,is there any way to parse my outlook emails from python on mac - Kagi Search,2024-04-27 17:54:20,31.601
https://kagi.com/search?q=is+there+any+way+to+parse+my+outlook+emails+from+python+on+mac,is there any way to parse my outlook emails from python on mac - Kagi Search,2024-04-27 17:54:19,1300.14
https://www.reddit.com/r/MacOS/comments/16w7ep6/macos_sonoma_is_seriously_slow/,MacOS Sonoma is seriously slow... : r/MacOS,2024-04-27 17:48:28,71963.153
https://kagi.com/,Kagi Search,2024-04-27 17:48:07,92668.818
https://kagi.com/,Kagi Search,2024-04-27 17:48:07,19.297
https://kagi.com/,Kagi Search,2024-04-27 17:48:07,9.964
https://kagi.com/,Kagi Search,2024-04-27 17:48:07,7.292
https://kagi.com/,Kagi Search,2024-04-27 17:48:07,17.587
https://kagi.com/search?q=mac+installs+slow+to+a+crawl,mac installs slow to a crawl - Kagi Search,2024-04-27 17:48:07,20802.01
https://kagi.com/search?q=mac+installs+slow+to+a+crawl,mac installs slow to a crawl - Kagi Search,2024-04-27 17:48:07,105.715
https://kagi.com/search?q=mac+installs+slow+to+a+crawl,mac installs slow to a crawl - Kagi Search,2024-04-27 17:48:06,923.641
https://kagi.com/,Kagi Search,2024-04-27 17:48:06,1062.606
chrome-extension://hoimpamkkoehapgenciaoajfkfkpgfop/onetab.html,OneTab,2024-04-27 17:48:03,96529.748
https://kagi.com/search?q=search+for+flagged+emails+from+mac+command+line+by+looking+at+group+containers,search for flagged emails from mac command line by looking at group containers - Kagi Search,2024-04-27 17:41:42,232917.186
https://kagi.com/search?q=search+for+flagged+emails+from+mac+command+line+by+looking+at+group+containers,search for flagged emails from mac command line by looking at group containers - Kagi Search,2024-04-27 17:41:42,28.95
https://kagi.com/search?q=search+for+flagged+emails+from+mac+command+line+by+looking+at+group+containers,search for flagged emails from mac command line by looking at group containers - Kagi Search,2024-04-27 17:41:41,524.899
https://www.codeforests.com/2020/06/04/python-to-read-email-from-outlook/,How To Read Email From Outlook In Python | CODE FORESTS,2024-04-27 17:39:54,340859.05
https://www.makeuseof.com/send-outlook-emails-using-python/,How to Automate Outlook Emails With Python,2024-04-27 17:39:50,346184.809
https://www.reddit.com/r/learnpython/comments/csvx8j/i_want_to_read_emails_from_a_outlook_mailbox_what/,I want to read emails from a Outlook mailbox. What library should I use? : r/learnpython,2024-04-27 17:39:46,350974.78
https://medium.com/@megan.baye/access-microsoft-outlook-mail-using-python-through-the-microsoft-graph-api-4b8d11a0aae5,Access Microsoft Outlook mail using Python through the Microsoft Graph API | by Megan | Medium,2024-04-27 17:39:43,56658.499
https://pypi.org/project/access-outlook-email/,access-outlook-email · PyPI,2024-04-27 17:39:39,56766.387
https://stackoverflow.com/questions/61529817/automate-outlook-on-mac-with-python,Automate Outlook on Mac with Python - Stack Overflow,2024-04-27 17:39:26,59583.798
https://kagi.com/search?q=access+outlook+mail+from+python+on+a+mac,access outlook mail from python on a mac - Kagi Search,2024-04-27 17:39:23,30329.873
https://kagi.com/search?q=access+outlook+mail+from+python+on+a+mac,access outlook mail from python on a mac - Kagi Search,2024-04-27 17:39:23,22.636
https://kagi.com/search?q=access+outlook+mail+from+python+on+a+mac,access outlook mail from python on a mac - Kagi Search,2024-04-27 17:39:22,351.237
https://chat.openai.com/c/9ef0909b-2cb1-4eb1-b38e-5aadd9b2e7a7,Flagged Emails: Parse Outlook,2024-04-27 17:38:42,15340.512
https://chat.openai.com/c/9ef0909b-2cb1-4eb1-b38e-5aadd9b2e7a7,Flagged Emails: Parse Outlook,2024-04-27 17:38:37,5216.033
https://answers.microsoft.com/en-us/outlook_com/forum/all/how-to-search-the-flagged-emails-that-are-due/8be4c5ee-3284-4d91-91c3-c6e3120acfe7,How to search the flagged emails that are due today? - Microsoft Community,2024-04-27 17:33:57,57050.048
https://forums.developer.apple.com/forums/thread/694230?page=4,Outlook search not works in Monter… | Apple Developer Forums,2024-04-27 17:33:53,51855.206
https://kagi.com/search?q=query+outlook.sqlite+for+flagged+emails+from+command+line+mac,query outlook.sqlite for flagged emails from command line mac - Kagi Search,2024-04-27 17:32:55,763313.935
https://kagi.com/search?q=query+outlook.sqlite+for+flagged+emails,query outlook.sqlite for flagged emails - Kagi Search,2024-04-27 17:32:27,28385.412
https://kagi.com/search?q=query+outlook.sqlite+for+flagged+emails,query outlook.sqlite for flagged emails - Kagi Search,2024-04-27 17:32:27,32.886
https://kagi.com/search?q=query+outlook.sqlite+for+flagged+emails,query outlook.sqlite for flagged emails - Kagi Search,2024-04-27 17:32:26,938.326
https://chat.openai.com/c/9ef0909b-2cb1-4eb1-b38e-5aadd9b2e7a7,Flagged Emails: Parse Outlook,2024-04-27 17:31:09,447930.773
https://chat.openai.com/,ChatGPT,2024-04-27 17:30:47,22249.856
https://chat.openai.com/,ChatGPT,2024-04-27 17:30:46,716.904
https://chat.openai.com/,ChatGPT,2024-04-27 17:27:34,44708.473
https://chat.openai.com/,ChatGPT,2024-04-27 17:27:33,1600.751
https://github.com/pydemo/sql-over-outlook,pydemo/sql-over-outlook: Executes SQL over Outlook emails using Python.,2024-04-27 17:23:20,46488.587
https://github.com/pydemo/sql-over-outlook,pydemo/sql-over-outlook: Executes SQL over Outlook emails using Python.,2024-04-27 17:23:19,624.756
https://github.com/pydemo/sql-over-outlook,pydemo/sql-over-outlook: Executes SQL over Outlook emails using Python.,2024-04-27 17:23:19,269.597
https://github.com/pydemo/sql-over-outlook,pydemo/sql-over-outlook: Executes SQL over Outlook emails using Python.,2024-04-27 17:23:18,699.422
https://apple.stackexchange.com/questions/343397/is-there-a-way-to-view-edit-outlook-for-macs-sqlite-database-to-edit-the-signat,email - Is there a way to view/edit Outlook for Mac's SQLite database to edit the signature file? - Ask Different,2024-04-27 17:22:49,1371943.624
https://stackoverflow.com/questions/7778723/what-are-the-db-shm-and-db-wal-extensions-in-sqlite-databases,android - What are the .db-shm and .db-wal extensions in Sqlite databases? - Stack Overflow,2024-04-27 17:22:46,119563.193
https://stackoverflow.com/questions/49741354/connect-to-outlook-via-sql,sql server - Connect to Outlook via SQL - Stack Overflow,2024-04-27 17:22:44,60666.788
https://kagi.com/search?q=query+Outlook.sqlite,query Outlook.sqlite - Kagi Search,2024-04-27 17:22:37,1385120.368
https://kagi.com/search?q=query+Outlook.sqlite,query Outlook.sqlite - Kagi Search,2024-04-27 17:22:37,25.072
https://kagi.com/search?q=query+Outlook.sqlite,query Outlook.sqlite - Kagi Search,2024-04-27 17:22:36,329.676
https://answers.microsoft.com/en-us/officeinsider/forum/all/1469-outlook-database-questions/1a0bee2d-f9fb-419c-adf0-abe82c3c6840,14.69 Outlook database questions - Microsoft Community,2024-04-27 17:22:27,1395817.207
https://login.live.com/oauth20_authorize.srf?client_id=a81d90ac-aa75-4cf8-b14c-58bf348528fe&scope=openid+profile&redirect_uri=https%3a%2f%2fanswers.microsoft.com&response_type=code+id_token&state=OpenIdConnect.AuthenticationProperties%3dmhFyg7Alg94LIoWjU6hJIlV5b2WqkTzwY1VojGl4ZbD1AzTSB2TBUEFhD8yZdseUfSo_RBxmaqVqX0FyliDNBs33aMCDsQnaJGcQi96vOuV6K3p-5_aNTGxrtoOf6-Dpws_McvcboQc-q3-_JrRvaYFxdGuzDJQPKXZqRXmoVgB6D7kYGyXjGzVPuFfrwzeEdbh_w48zBjdMbjMah5jQ5jreOXpoR7JvniS1iF4j7XpPcFaXV1pY9ZMLErS8en4r0rMFY0AZOW4tl1f0KYatIkqJoFEwlmyDqGuHMzPr50-rRRq9yHDwPWlsKH0II6UmhYmUaUL9ACOacXimOOcvINla994q2wzIoeNOIAsVzQk&response_mode=form_post&nonce=638498497244399595.OWNjNmIzZmMtNjlhNS00NTFiLTk2OWUtMDc2NThhZDIzMTE4OWVkZjRkM2MtNmEyOS00MDMyLWJlNjItNDgxYmNlYmVlMDQw&prompt=none&x-client-SKU=ID_NET472&x-client-Ver=6.17.0.0&uaid=cc3589609e7247e099db8ac714991986&msproxy=1&issuer=mso&tenant=common&ui_locales=en-US&epct=PAQABDgEAAADnfolhJpSnRYB1SVj-Hgd8dJEJ4hVJ7WwNrzsEL2B5wBl5RR1EGBTUIGXk57L2z72D1EQx20F_Dy7nnDCZSDjG_37uBqh4Hvk9KfNlUu_0ZHv9N_vTFEvIpQ8VO7Jgmi6_2T1UMK3225dhxSqoDLUPpubgabzf8No-bipG6jfBJjbtZLOClPwt_S3SsTf4ZCeyKh6P6LUvwY_NkH2lDAh5K2Di5-0YJ713pgJ5qKjLwiAA&jshs=0&nopa=2,Continue,2024-04-27 17:22:26,1350.566
https://login.microsoftonline.com/common/oauth2/v2.0/authorize?client_id=a81d90ac-aa75-4cf8-b14c-58bf348528fe&redirect_uri=https%3A%2F%2Fanswers.microsoft.com&response_type=code%20id_token&scope=openid%20profile&state=OpenIdConnect.AuthenticationProperties%3DmhFyg7Alg94LIoWjU6hJIlV5b2WqkTzwY1VojGl4ZbD1AzTSB2TBUEFhD8yZdseUfSo_RBxmaqVqX0FyliDNBs33aMCDsQnaJGcQi96vOuV6K3p-5_aNTGxrtoOf6-Dpws_McvcboQc-q3-_JrRvaYFxdGuzDJQPKXZqRXmoVgB6D7kYGyXjGzVPuFfrwzeEdbh_w48zBjdMbjMah5jQ5jreOXpoR7JvniS1iF4j7XpPcFaXV1pY9ZMLErS8en4r0rMFY0AZOW4tl1f0KYatIkqJoFEwlmyDqGuHMzPr50-rRRq9yHDwPWlsKH0II6UmhYmUaUL9ACOacXimOOcvINla994q2wzIoeNOIAsVzQk&response_mode=form_post&nonce=638498497244399595.OWNjNmIzZmMtNjlhNS00NTFiLTk2OWUtMDc2NThhZDIzMTE4OWVkZjRkM2MtNmEyOS00MDMyLWJlNjItNDgxYmNlYmVlMDQw&nopa=2&prompt=none&x-client-SKU=ID_NET472&x-client-ver=6.17.0.0&sso_reload=true,Redirecting,2024-04-27 17:22:25,941.117
https://answers.microsoft.com/en-us/officeinsider/forum/all/1469-outlook-database-questions/1a0bee2d-f9fb-419c-adf0-abe82c3c6840,14.69 Outlook database questions - Microsoft Community,2024-04-27 17:22:21,3893.335
https://login.live.com/oauth20_authorize.srf?client_id=a81d90ac-aa75-4cf8-b14c-58bf348528fe&scope=openid+profile&redirect_uri=https%3a%2f%2fanswers.microsoft.com&response_type=code+id_token&state=OpenIdConnect.AuthenticationProperties%3dmhFyg7Alg94LIoWjU6hJIlV5b2WqkTzwY1VojGl4ZbD1AzTSB2TBUEFhD8yZdseUfSo_RBxmaqVqX0FyliDNBs33aMCDsQnaJGcQi96vOuV6K3p-5_aNTGxrtoOf6-Dpws_McvcboQc-q3-_JrRvaYFxdGuzDJQPKXZqRXmoVgB6D7kYGyXjGzVPuFfrwzeEdbh_w48zBjdMbjMah5jQ5jreOXpoR7JvniS1iF4j7XpPcFaXV1pY9ZMLErS8en4r0rMFY0AZOW4tl1f0KYatIkqJoFEwlmyDqGuHMzPr50-rRRq9yHDwPWlsKH0II6UmhYmUaUL9ACOacXimOOcvINla994q2wzIoeNOIAsVzQk&response_mode=form_post&nonce=638498497244399595.OWNjNmIzZmMtNjlhNS00NTFiLTk2OWUtMDc2NThhZDIzMTE4OWVkZjRkM2MtNmEyOS00MDMyLWJlNjItNDgxYmNlYmVlMDQw&prompt=none&x-client-SKU=ID_NET472&x-client-Ver=6.17.0.0&uaid=cc5812c018c54ad9a3d1c2b57a8cf967&msproxy=1&issuer=mso&tenant=common&ui_locales=en-US&epct=PAQABDgEAAADnfolhJpSnRYB1SVj-Hgd8XkZxbB2DMyXwFOrP0jFpe-ygna6QzJc2gx7JJPa7ECexP6oSI1eNBQ79bUvHLqEE-lJ4qEJcxV7BMOLQKS96iZnmjX_wJW4GCiFf31f7TxpoYbQwMtF_Zh8lEaPmqg-EUhRocEcGFi0wSsqOMbwEJAKrTd8uw3p-XiFRXmBbyGoJKLQYSltWVIjW1pyhQ4k9zS3y4jaXYMe8xvmWYiL8-CAA&jshs=0&nopa=2,Continue,2024-04-27 17:22:20,1545.816
https://answers.microsoft.com/en-us/officeinsider/forum/all/1469-outlook-database-questions/1a0bee2d-f9fb-419c-adf0-abe82c3c6840,14.69 Outlook database questions - Microsoft Community,2024-04-27 17:22:07,12200.922
https://login.live.com/oauth20_authorize.srf?client_id=a81d90ac-aa75-4cf8-b14c-58bf348528fe&scope=openid+profile&redirect_uri=https%3a%2f%2fanswers.microsoft.com&response_type=code+id_token&state=OpenIdConnect.AuthenticationProperties%3dmhFyg7Alg94LIoWjU6hJIlV5b2WqkTzwY1VojGl4ZbD1AzTSB2TBUEFhD8yZdseUfSo_RBxmaqVqX0FyliDNBs33aMCDsQnaJGcQi96vOuV6K3p-5_aNTGxrtoOf6-Dpws_McvcboQc-q3-_JrRvaYFxdGuzDJQPKXZqRXmoVgB6D7kYGyXjGzVPuFfrwzeEdbh_w48zBjdMbjMah5jQ5jreOXpoR7JvniS1iF4j7XpPcFaXV1pY9ZMLErS8en4r0rMFY0AZOW4tl1f0KYatIkqJoFEwlmyDqGuHMzPr50-rRRq9yHDwPWlsKH0II6UmhYmUaUL9ACOacXimOOcvINla994q2wzIoeNOIAsVzQk&response_mode=form_post&nonce=638498497244399595.OWNjNmIzZmMtNjlhNS00NTFiLTk2OWUtMDc2NThhZDIzMTE4OWVkZjRkM2MtNmEyOS00MDMyLWJlNjItNDgxYmNlYmVlMDQw&prompt=none&x-client-SKU=ID_NET472&x-client-Ver=6.17.0.0&uaid=cc5812c018c54ad9a3d1c2b57a8cf967&msproxy=1&issuer=mso&tenant=common&ui_locales=en-US&epct=PAQABDgEAAADnfolhJpSnRYB1SVj-Hgd8XkZxbB2DMyXwFOrP0jFpe-ygna6QzJc2gx7JJPa7ECexP6oSI1eNBQ79bUvHLqEE-lJ4qEJcxV7BMOLQKS96iZnmjX_wJW4GCiFf31f7TxpoYbQwMtF_Zh8lEaPmqg-EUhRocEcGFi0wSsqOMbwEJAKrTd8uw3p-XiFRXmBbyGoJKLQYSltWVIjW1pyhQ4k9zS3y4jaXYMe8xvmWYiL8-CAA&jshs=0&nopa=2,Continue,2024-04-27 17:22:06,1568.531
https://login.microsoftonline.com/common/oauth2/v2.0/authorize?client_id=a81d90ac-aa75-4cf8-b14c-58bf348528fe&redirect_uri=https%3A%2F%2Fanswers.microsoft.com&response_type=code%20id_token&scope=openid%20profile&state=OpenIdConnect.AuthenticationProperties%3DmhFyg7Alg94LIoWjU6hJIlV5b2WqkTzwY1VojGl4ZbD1AzTSB2TBUEFhD8yZdseUfSo_RBxmaqVqX0FyliDNBs33aMCDsQnaJGcQi96vOuV6K3p-5_aNTGxrtoOf6-Dpws_McvcboQc-q3-_JrRvaYFxdGuzDJQPKXZqRXmoVgB6D7kYGyXjGzVPuFfrwzeEdbh_w48zBjdMbjMah5jQ5jreOXpoR7JvniS1iF4j7XpPcFaXV1pY9ZMLErS8en4r0rMFY0AZOW4tl1f0KYatIkqJoFEwlmyDqGuHMzPr50-rRRq9yHDwPWlsKH0II6UmhYmUaUL9ACOacXimOOcvINla994q2wzIoeNOIAsVzQk&response_mode=form_post&nonce=638498497244399595.OWNjNmIzZmMtNjlhNS00NTFiLTk2OWUtMDc2NThhZDIzMTE4OWVkZjRkM2MtNmEyOS00MDMyLWJlNjItNDgxYmNlYmVlMDQw&nopa=2&prompt=none&x-client-SKU=ID_NET472&x-client-ver=6.17.0.0&sso_reload=true,Redirecting,2024-04-27 17:22:05,1000.195
https://login.microsoftonline.com/common/oauth2/v2.0/authorize?client_id=a81d90ac-aa75-4cf8-b14c-58bf348528fe&redirect_uri=https%3A%2F%2Fanswers.microsoft.com&response_type=code%20id_token&scope=openid%20profile&state=OpenIdConnect.AuthenticationProperties%3DmhFyg7Alg94LIoWjU6hJIlV5b2WqkTzwY1VojGl4ZbD1AzTSB2TBUEFhD8yZdseUfSo_RBxmaqVqX0FyliDNBs33aMCDsQnaJGcQi96vOuV6K3p-5_aNTGxrtoOf6-Dpws_McvcboQc-q3-_JrRvaYFxdGuzDJQPKXZqRXmoVgB6D7kYGyXjGzVPuFfrwzeEdbh_w48zBjdMbjMah5jQ5jreOXpoR7JvniS1iF4j7XpPcFaXV1pY9ZMLErS8en4r0rMFY0AZOW4tl1f0KYatIkqJoFEwlmyDqGuHMzPr50-rRRq9yHDwPWlsKH0II6UmhYmUaUL9ACOacXimOOcvINla994q2wzIoeNOIAsVzQk&response_mode=form_post&nonce=638498497244399595.OWNjNmIzZmMtNjlhNS00NTFiLTk2OWUtMDc2NThhZDIzMTE4OWVkZjRkM2MtNmEyOS00MDMyLWJlNjItNDgxYmNlYmVlMDQw&nopa=2&prompt=none&x-client-SKU=ID_NET472&x-client-ver=6.17.0.0,Redirecting,2024-04-27 17:22:04,894.029
https://answers.microsoft.com/en-us/site/silentsignin?returnUrl=https%3A%2F%2Fanswers.microsoft.com%2Fen-us%2Fofficeinsider%2Fforum%2Fall%2F1469-outlook-database-questions%2F1a0bee2d-f9fb-419c-adf0-abe82c3c6840,Redirecting,2024-04-27 17:22:04,0.0
https://answers.microsoft.com/en-us/officeinsider/forum/all/1469-outlook-database-questions/1a0bee2d-f9fb-419c-adf0-abe82c3c6840,14.69 Outlook database questions - Microsoft Community,2024-04-27 17:22:04,0.0
https://kagi.com/search?q=all+queries+to+mac+microsoft+Outlook.sqlite+return+nothing,all queries to mac microsoft Outlook.sqlite return nothing - Kagi Search,2024-04-27 17:21:58,6274.073
https://kagi.com/search?q=all+queries+to+Outlook.sqlite+return+nothing,all queries to Outlook.sqlite return nothing - Kagi Search,2024-04-27 17:21:41,16789.253
https://kagi.com/search?q=all+queries+to+Outlook.sqlite+return+nothing,all queries to Outlook.sqlite return nothing - Kagi Search,2024-04-27 17:21:41,17.255
https://kagi.com/search?q=all+queries+to+Outlook.sqlite+return+nothing,all queries to Outlook.sqlite return nothing - Kagi Search,2024-04-27 17:21:41,358.655
https://sqlite.org/forum/forumpost/5e27646890,SQLite Forum: SQL-Query is always empty,2024-04-27 17:21:30,10593.722
https://kagi.com/search?q=all+queries+to+Outlook.sqlite+return+nothing,all queries to Outlook.sqlite return nothing - Kagi Search,2024-04-27 17:21:20,10196.396
https://kagi.com/search?q=all+queries+to+Outlook.sqlite+return+nothing,all queries to Outlook.sqlite return nothing - Kagi Search,2024-04-27 17:21:20,37.03
https://kagi.com/search?q=all+queries+to+Outlook.sqlite+return+nothing,all queries to Outlook.sqlite return nothing - Kagi Search,2024-04-27 17:21:19,806.817
https://stackoverflow.com/questions/19069285/select-statement-returns-nothing-in-sqlite,SELECT statement returns nothing in SQLite - Stack Overflow,2024-04-27 17:19:01,138030.698
https://kagi.com/search?q=all+queries+to+Outlook.sqlite+return+nothing,all queries to Outlook.sqlite return nothing - Kagi Search,2024-04-27 17:18:58,3166.365
https://kagi.com/search?q=all+queries+to+Outlook.sqlite+return+nothing,all queries to Outlook.sqlite return nothing - Kagi Search,2024-04-27 17:18:58,22.751
https://kagi.com/search?q=all+queries+to+Outlook.sqlite+return+nothing,all queries to Outlook.sqlite return nothing - Kagi Search,2024-04-27 17:18:57,565.83
https://stackoverflow.com/questions/58298886/find-the-number-of-rows-in-each-table-in-a-large-sqlite-database,Find the number of rows in each table in a large SQLite database - Stack Overflow,2024-04-27 17:16:07,1776860.078
https://kagi.com/search?q=sqlite+show+rowcount+for+all+tables,sqlite show rowcount for all tables - Kagi Search,2024-04-27 17:16:04,3383.068
https://kagi.com/search?q=sqlite+show+rowcount+for+all+tables,sqlite show rowcount for all tables - Kagi Search,2024-04-27 17:16:04,17.508
https://kagi.com/search?q=sqlite+show+rowcount+for+all+tables,sqlite show rowcount for all tables - Kagi Search,2024-04-27 17:16:03,369.917
https://stackoverflow.com/questions/21630539/sqlite-count-rows-of-tables-identified-by-subquery,sqlite count rows of tables identified by subquery - Stack Overflow,2024-04-27 17:15:33,30657.865
https://kagi.com/search?q=sqlite+show+rowcount+for+all+tables,sqlite show rowcount for all tables - Kagi Search,2024-04-27 17:15:30,2842.978
https://kagi.com/search?q=sqlite+show+rowcount+for+all+tables,sqlite show rowcount for all tables - Kagi Search,2024-04-27 17:15:30,24.05
https://kagi.com/search?q=sqlite+show+rowcount+for+all+tables,sqlite show rowcount for all tables - Kagi Search,2024-04-27 17:15:29,540.664
https://stackoverflow.com/questions/82875/how-can-i-list-the-tables-in-a-sqlite-database-file-that-was-opened-with-attach,sql - How can I list the tables in a SQLite database file that was opened with ATTACH? - Stack Overflow,2024-04-27 17:13:24,1940920.606
https://kagi.com/search?q=list+all+tables+sqlite+mac,list all tables sqlite mac - Kagi Search,2024-04-27 17:13:20,3698.234
https://kagi.com/search?q=list+all+tables+sqlite+mac,list all tables sqlite mac - Kagi Search,2024-04-27 17:13:20,27.465
https://kagi.com/search?q=list+all+tables+sqlite+mac,list all tables sqlite mac - Kagi Search,2024-04-27 17:13:19,742.963
https://challenges.cloudflare.com/cdn-cgi/challenge-platform/h/b/turnstile/if/ov2/av0/rcv0/0/cfp4x/0x4AAAAAAAETOpLcsNsBcEJy/auto/normal,,2024-04-27 17:09:01,0.0
https://kagi.com/fastgpt?query=What+is+the+best+way+to+play+High+Frontier+for+All%3F,FastGPT | What is the best way to play High Frontier for All?,2024-04-27 17:09:01,162.672
https://kagi.com/fastgpt,FastGPT,2024-04-27 17:08:33,28255.947
https://kagi.com/,Kagi Search,2024-04-27 17:08:29,3744.397
https://kagi.com/,Kagi Search,2024-04-27 17:08:29,42.426
https://kagi.com/,Kagi Search,2024-04-27 17:01:39,410353.451
https://kagi.com/,Kagi Search,2024-04-27 17:01:39,25.615
https://kagi.com/,Kagi Search,2024-04-27 17:01:39,25.684
https://kagi.com/,Kagi Search,2024-04-27 17:01:39,24.581
https://kagi.com/,Kagi Search,2024-04-27 17:01:39,18.886
https://kagi.com/,Kagi Search,2024-04-27 17:01:38,714.789
https://kagi.com/settings?p=custom_css,Kagi Search - Settings | Custom CSS,2024-04-27 17:01:35,492927.635
https://kagi.com/,Kagi Search,2024-04-27 17:01:10,27952.48
https://kagi.com/,Kagi Search,2024-04-27 17:01:10,15.84
https://kagi.com/,Kagi Search,2024-04-27 17:01:10,16.045
https://kagi.com/,Kagi Search,2024-04-27 17:01:10,18.588
https://kagi.com/,Kagi Search,2024-04-27 17:01:10,21.109
https://kagi.com/,Kagi Search,2024-04-27 17:01:10,200.708
https://kagi.com/settings?p=custom_css,Kagi Search - Settings | Custom CSS,2024-04-27 17:01:06,29111.662
https://kagi.com/,Kagi Search,2024-04-27 17:00:57,12454.332
https://kagi.com/,Kagi Search,2024-04-27 17:00:57,21.171
https://kagi.com/,Kagi Search,2024-04-27 17:00:57,21.662
https://kagi.com/,Kagi Search,2024-04-27 17:00:57,16.317
https://kagi.com/,Kagi Search,2024-04-27 17:00:57,18.26
https://kagi.com/,Kagi Search,2024-04-27 17:00:57,290.2
https://kagi.com/settings?p=custom_css,Kagi Search - Settings | Custom CSS,2024-04-27 17:00:53,13274.924
https://kagi.com/settings?p=custom_css,Kagi Search - Settings | Custom CSS,2024-04-27 17:00:45,11756.291
https://kagi.com/settings?p=appearance,Kagi Search - Settings | Appearance,2024-04-27 17:00:32,13126.727
https://kagi.com/settings?p=general,Kagi Search - Settings | General,2024-04-27 17:00:27,4721.682
https://kagi.com/,Kagi Search,2024-04-27 17:00:25,2889.229
https://kagi.com/,Kagi Search,2024-04-27 17:00:25,22.204
https://kagi.com/,Kagi Search,2024-04-27 17:00:25,20.857
https://kagi.com/,Kagi Search,2024-04-27 17:00:25,22.701
https://kagi.com/,Kagi Search,2024-04-27 17:00:25,23.383
https://kagi.com/,Kagi Search,2024-04-27 17:00:24,235.137
https://kagi.com/,Kagi Search,2024-04-27 17:00:11,13128.413
https://kagi.com/,Kagi Search,2024-04-27 17:00:11,21.393
https://kagi.com/,Kagi Search,2024-04-27 17:00:11,22.517
https://kagi.com/,Kagi Search,2024-04-27 17:00:11,20.285
https://kagi.com/,Kagi Search,2024-04-27 17:00:11,19.968
https://kagi.com/,Kagi Search,2024-04-27 17:00:11,341.05
https://kagi.com/settings?p=custom_css,Kagi Search - Settings | Custom CSS,2024-04-27 17:00:06,47544.53
https://kagi.com/,Kagi Search,2024-04-27 16:59:06,64366.391
https://kagi.com/,Kagi Search,2024-04-27 16:59:06,24.045
https://kagi.com/,Kagi Search,2024-04-27 16:59:06,23.706
https://kagi.com/,Kagi Search,2024-04-27 16:59:06,51.857
https://kagi.com/,Kagi Search,2024-04-27 16:59:06,72.6
https://kagi.com/,Kagi Search,2024-04-27 16:59:06,737.953
https://kagi.com/settings?p=custom_css,Kagi Search - Settings | Custom CSS,2024-04-27 16:58:51,74721.289
https://kagi.com/,Kagi Search,2024-04-27 16:58:36,14649.116
https://kagi.com/,Kagi Search,2024-04-27 16:58:36,39.291
https://kagi.com/,Kagi Search,2024-04-27 16:58:36,22.815
https://kagi.com/,Kagi Search,2024-04-27 16:58:36,25.84
https://kagi.com/,Kagi Search,2024-04-27 16:58:36,30.404
https://kagi.com/,Kagi Search,2024-04-27 16:58:36,338.908
https://kagi.com/changelog#3841,Kagi Search Changelog,2024-04-27 16:58:20,15961.846
https://kagi.com/search?q=rm+DPA6233TPQ.com.macphun.luminar3,rm DPA6233TPQ.com.macphun.luminar3 - Kagi Search,2024-04-27 16:57:07,65240.172
https://kagi.com/search?q=rm+DPA6233TPQ.com.macphun.luminar3,rm DPA6233TPQ.com.macphun.luminar3 - Kagi Search,2024-04-27 16:57:07,21.738
https://kagi.com/search?q=rm+DPA6233TPQ.com.macphun.luminar3,rm DPA6233TPQ.com.macphun.luminar3 - Kagi Search,2024-04-27 16:57:06,571.528
https://kagi.com/search?q=lukiapp,lukiapp - Kagi Search,2024-04-27 16:51:38,394303.781
https://kagi.com/search?q=lukiapp,lukiapp - Kagi Search,2024-04-27 16:51:38,22.134
https://kagi.com/search?q=lukiapp,lukiapp - Kagi Search,2024-04-27 16:51:38,344.095
https://kagi.com/,Kagi Search,2024-04-27 16:51:16,424123.629
https://kagi.com/,Kagi Search,2024-04-27 16:51:16,7.061
https://kagi.com/,Kagi Search,2024-04-27 16:51:16,5.585
https://kagi.com/,Kagi Search,2024-04-27 16:51:16,8.872
https://kagi.com/,Kagi Search,2024-04-27 16:51:16,9.46
https://kagi.com/search?q=mac+woven+app,mac woven app - Kagi Search,2024-04-27 16:51:15,418865.757
https://kagi.com/search?q=mac+woven+app,mac woven app - Kagi Search,2024-04-27 16:51:15,35.509
https://kagi.com/search?q=mac+woven+app,mac woven app - Kagi Search,2024-04-27 16:51:14,999.769
https://kagi.com/,Kagi Search,2024-04-27 16:51:14,1916.123
chrome-extension://hoimpamkkoehapgenciaoajfkfkpgfop/onetab.html,OneTab,2024-04-27 16:51:13,3274833.952
https://chat.openai.com/g/g-G5diVh12v-chatprd-ai-for-product-managers/c/6874b526-4ce8-4a25-8de5-d7f4006f4d8b#settings/BuilderProfile,ChatGPT - ChatPRD - AI for Product Managers,2024-04-27 16:44:51,13794.961
https://chat.openai.com/g/g-G5diVh12v-chatprd-ai-for-product-managers/c/6874b526-4ce8-4a25-8de5-d7f4006f4d8b#settings/DataControls,ChatGPT - ChatPRD - AI for Product Managers,2024-04-27 16:43:20,94795.294
https://chat.openai.com/g/g-G5diVh12v-chatprd-ai-for-product-managers/c/6874b526-4ce8-4a25-8de5-d7f4006f4d8b#settings/Speech,ChatGPT - ChatPRD - AI for Product Managers,2024-04-27 16:42:56,24715.951
https://chat.openai.com/g/g-G5diVh12v-chatprd-ai-for-product-managers/c/6874b526-4ce8-4a25-8de5-d7f4006f4d8b#settings/Personalization,ChatGPT - ChatPRD - AI for Product Managers,2024-04-27 16:41:41,75462.029
https://chat.openai.com/g/g-G5diVh12v-chatprd-ai-for-product-managers/c/6874b526-4ce8-4a25-8de5-d7f4006f4d8b#settings,ChatGPT - ChatPRD - AI for Product Managers,2024-04-27 16:40:58,42584.152
https://chat.openai.com/g/g-G5diVh12v-chatprd-ai-for-product-managers/c/6874b526-4ce8-4a25-8de5-d7f4006f4d8b,ChatGPT - ChatPRD - AI for Product Managers,2024-04-27 16:40:49,8946.122
https://chat.openai.com/,ChatGPT,2024-04-27 16:37:50,179885.767
https://chat.openai.com/,ChatGPT,2024-04-27 16:37:49,256.264
https://chat.openai.com/,ChatGPT,2024-04-27 16:37:48,1164.574
https://chat.openai.com/,ChatGPT,2024-04-27 16:37:21,27623.54
https://www.alfredforum.com/topic/12895-apps-not-shown-in-search-results-in-1015/,Apps Not Shown in Search Results in 10.15 - Closed - Alfred App Community Forum,2024-04-27 16:36:54,500055.505
https://www.alfredforum.com/topic/12895-apps-not-shown-in-search-results-in-1015/,Apps Not Shown in Search Results in 10.15 - Closed - Alfred App Community Forum,2024-04-27 16:36:54,733.897
https://kagi.com/search?q=alfred+why+aren%27t+edge+apps+showing+in+search,alfred why aren't edge apps showing in search - Kagi Search,2024-04-27 16:36:43,10238.106
https://kagi.com/search?q=alfred+why+aren%27t+edge+apps+showing+in+search,alfred why aren't edge apps showing in search - Kagi Search,2024-04-27 16:36:43,21.837
https://kagi.com/search?q=alfred+why+aren%27t+edge+apps+showing+in+search,alfred why aren't edge apps showing in search - Kagi Search,2024-04-27 16:36:43,587.073
https://chat.openai.com/,ChatGPT,2024-04-27 16:34:08,60137.352
https://chat.openai.com/,ChatGPT,2024-04-27 16:34:07,846.633
https://platform.openai.com/api-keys,OpenAI Platform,2024-04-27 16:29:59,247879.621
https://alfred.app/workflows/alfredapp/openai/,Alfred Gallery • Workflows • ChatGPT / DALL-E,2024-04-27 16:29:37,22213.677
https://www.alfredapp.com/whats-new/,What's New in Alfred 5.5?,2024-04-27 16:28:53,981884.273
https://www.alfredapp.com/blog/releases/alfred-5-5-beta-new-workflow-views/,Alfred 5.5 Beta: Exciting New Workflow Views & Stunning AI Integrations! - Alfred Blog,2024-04-27 16:28:49,4086.801
https://kagi.com/search?q=alfred+5.5+ai+integrations,alfred 5.5 ai integrations - Kagi Search,2024-04-27 16:28:46,2710.884
https://kagi.com/search?q=alfred+5.5+ai+integrations,alfred 5.5 ai integrations - Kagi Search,2024-04-27 16:28:46,23.434
https://kagi.com/search?q=alfred+5.5+ai+integrations,alfred 5.5 ai integrations - Kagi Search,2024-04-27 16:28:45,630.191
chrome-extension://hoimpamkkoehapgenciaoajfkfkpgfop/onetab.html,OneTab,2024-04-27 16:19:40,341305.912
https://www.amazon.com/Belkin-USB-C-Gigabit-Ethernet-Adapter/dp/B01GLN3LZA/ref=sr_1_6?crid=3J63OHE3GJMIB&dib=eyJ2IjoiMSJ9.wm2rT9WpTYCt5wO4HbTPGuTbRvgbctJqIRVSpveLD3olDLd2pNP1A2BQBidAYof5TuXdHvHAwBEpLqSBPwIlDmyXUHsXzgrvKhQcxcn6s-cvNeJFhnD5oVRWB3QBCX9l8sBH5VY71yrnzP60TFD8JuRqeWAuTnxPoHqt1Ygi1UGYAoDs-NRfYCber77-QRUjl5GZDblU8iiR3titDNb5juoq8IsOE31SoKQRSlh_5Vg.-HyzX_siwpL96RmgeQ8nSkw6z0Wpb3FA_vFsNGXWVj8&dib_tag=se&keywords=Belkin+USB-C+to+Gigabit+Ethernet+Adapter&qid=1714230270&sprefix=belkin+usb-c+to+gigabit+ethernet+adapter%2Caps%2C546&sr=8-6,Amazon.com: Belkin USB-C to Gigabit Ethernet Adapter : Electronics,2024-04-27 11:04:53,19126.142
https://www.amazon.com/Belkin-USB-C-Gigabit-Ethernet-Adapter/dp/B01GLN3LZA/ref=sr_1_6?crid=3J63OHE3GJMIB&dib=eyJ2IjoiMSJ9.wm2rT9WpTYCt5wO4HbTPGuTbRvgbctJqIRVSpveLD3olDLd2pNP1A2BQBidAYof5TuXdHvHAwBEpLqSBPwIlDmyXUHsXzgrvKhQcxcn6s-cvNeJFhnD5oVRWB3QBCX9l8sBH5VY71yrnzP60TFD8JuRqeWAuTnxPoHqt1Ygi1UGYAoDs-NRfYCber77-QRUjl5GZDblU8iiR3titDNb5juoq8IsOE31SoKQRSlh_5Vg.-HyzX_siwpL96RmgeQ8nSkw6z0Wpb3FA_vFsNGXWVj8&dib_tag=se&keywords=Belkin+USB-C+to+Gigabit+Ethernet+Adapter&qid=1714230270&sprefix=belkin+usb-c+to+gigabit+ethernet+adapter%2Caps%2C546&sr=8-6,Amazon.com: Belkin USB-C to Gigabit Ethernet Adapter : Electronics,2024-04-27 11:04:52,1134.598
https://www.amazon.com/s?k=Belkin+USB-C+to+Gigabit+Ethernet+Adapter&crid=3J63OHE3GJMIB&sprefix=belkin+usb-c+to+gigabit+ethernet+adapter%2Caps%2C546&ref=nb_sb_noss_1,Amazon.com : Belkin USB-C to Gigabit Ethernet Adapter,2024-04-27 11:04:30,22341.646
https://www.amazon.com/s/ref=nb_sb_noss_1?url=search-alias%3Daps&field-keywords=Belkin+USB-C+to+Gigabit+Ethernet+Adapter&crid=3J63OHE3GJMIB&sprefix=belkin+usb-c+to+gigabit+ethernet+adapter%2Caps%2C546,Amazon.com : Belkin USB-C to Gigabit Ethernet Adapter,2024-04-27 11:04:29,291.501
https://www.amazon.com/,Amazon.com. Spend less. Smile more.,2024-04-27 11:04:25,4835.749
https://amazon.com/,Amazon.com. Spend less. Smile more.,2024-04-27 11:04:25,0.0
https://evernote.com/,Best Note Taking App - Organize Your Notes with Evernote,2024-04-27 11:04:20,4161.457
https://evernote.com/,Best Note Taking App - Organize Your Notes with Evernote,2024-04-27 11:04:20,664.492
https://www.apple.com/shop/product/HJKF2ZM/A/belkin-usb-c-to-gigabit-ethernet-adapter,The Belkin USB-C to Gigabit Ethernet Adapter - Apple,2024-04-27 11:04:07,65031.917
https://forums.macrumors.com/threads/has-anyone-found-a-working-usb-c-to-ethernet-adapter-for-the-macbook-air-m2.2372023/,Has anyone found a working USB-C to Ethernet adapter for the MacBook Air M2? | MacRumors Forums,2024-04-27 11:03:40,91898.197
https://kagi.com/search?q=high+speed+ethernet+for+mac+usb-c,high speed ethernet for mac usb-c - Kagi Search,2024-04-27 11:03:20,46809.627
https://kagi.com/search?q=high+speed+ethernet+for+mac+usb-c,high speed ethernet for mac usb-c - Kagi Search,2024-04-27 11:03:20,19.003
https://kagi.com/search?q=high+speed+ethernet+for+mac+usb-c,high speed ethernet for mac usb-c - Kagi Search,2024-04-27 11:03:20,357.827
https://kagi.com/,Kagi Search,2024-04-27 11:03:10,121971.984
https://kagi.com/,Kagi Search,2024-04-27 11:03:10,31.057
https://kagi.com/,Kagi Search,2024-04-27 11:03:10,27.478
https://kagi.com/,Kagi Search,2024-04-27 11:03:10,27.814
https://kagi.com/,Kagi Search,2024-04-27 11:03:10,29.362
https://kagi.com/,Kagi Search,2024-04-27 11:03:09,1740.795
chrome-extension://hoimpamkkoehapgenciaoajfkfkpgfop/onetab.html,OneTab,2024-04-27 11:03:09,123798.334
https://support.apple.com/guide/macbook-pro/save-space-apdb468896e0/2023/mac/13,Save space on your MacBook Pro - Apple Support,2024-04-27 10:59:48,13636.899
https://support.apple.com/guide/macbook-pro/apdb468896e0/2023/mac/13,Save space on your MacBook Pro - Apple Support,2024-04-27 10:59:48,0.0
https://support.apple.com/guide/macbook-pro/save-space-apdb468896e0/mac,Save space on your MacBook Pro - Apple Support,2024-04-27 10:58:23,84515.422
https://discussions.apple.com/thread/253623827?sortBy=best,Messages taking up storage space on Mac - Apple Community,2024-04-27 10:58:02,119494.033
https://discussions.apple.com/thread/253623827,Messages taking up storage space on Mac - Apple Community,2024-04-27 10:58:01,542.362
https://kagi.com/search?q=reduce+macos+messages+disk+space,reduce macos messages disk space - Kagi Search,2024-04-27 10:57:57,4616.387
https://kagi.com/search?q=reduce+macos+messages+disk+space,reduce macos messages disk space - Kagi Search,2024-04-27 10:57:57,20.767
https://kagi.com/search?q=reduce+macos+messages+disk+space,reduce macos messages disk space - Kagi Search,2024-04-27 10:57:56,621.052
https://stackoverflow.com/questions/48706548/how-to-free-disk-space-taken-up-by-anaconda,python - How to free disk space taken up by (ana)conda? - Stack Overflow,2024-04-27 10:53:00,420940.541
https://www.microsoft.com/en-us/edge/update/124?ep=489&es=107&form=MT00O8&channel=stable&version=124.0.2478.51,Microsoft Edge | What's New,2024-04-27 10:52:59,422098.664
https://www.microsoft.com/en-us/edge/update/124?ep=489&es=107&form=MT00O8&channel=stable&version=124.0.2478.51,Microsoft Edge | What's New,2024-04-27 10:52:59,25.218
https://kagi.com/,Kagi Search,2024-04-27 10:52:58,423500.524
https://kagi.com/,Kagi Search,2024-04-27 10:52:58,13.857
https://kagi.com/,Kagi Search,2024-04-27 10:52:58,8.861
https://kagi.com/,Kagi Search,2024-04-27 10:52:58,14.038
https://kagi.com/,Kagi Search,2024-04-27 10:52:58,9.187
https://kagi.com/search?q=purge+old+miniconda+libraries+taking+up+too+much+space+mac,purge old miniconda libraries taking up too much space mac - Kagi Search,2024-04-27 10:52:58,2685.538
https://kagi.com/search?q=purge+old+miniconda+libraries+taking+up+too+much+space+mac,purge old miniconda libraries taking up too much space mac - Kagi Search,2024-04-27 10:52:58,47.135
https://www.microsoft.com/en-us/edge/update/124?ep=489&es=107&form=MT00O8&channel=stable&version=124.0.2478.51,Microsoft Edge | What's New,2024-04-27 10:52:57,1820.07
https://www.microsoft.com/edge/update?channel=stable&version=124.0.2478.51,Microsoft Edge | What's New,2024-04-27 10:52:57,0.0
https://go.microsoft.com/fwlink/?linkid=2140622&channel=stable&version=124.0.2478.51,Microsoft Edge | What's New,2024-04-27 10:52:57,0.0
https://kagi.com/search?q=purge+old+miniconda+libraries+taking+up+too+much+space+mac,purge old miniconda libraries taking up too much space mac - Kagi Search,2024-04-27 10:52:57,834.613
https://kagi.com/,Kagi Search,2024-04-27 10:52:57,1117.365
chrome-extension://hoimpamkkoehapgenciaoajfkfkpgfop/onetab.html,OneTab,2024-04-27 10:52:55,426098.203
https://www.youtube.com/watch?v=y03PhTSfsQQ,Installing Auger Tie Down Anchors The Quick And Easy Way - YouTube,2024-04-27 10:09:58,0.0
https://kagi.com/search?q=how+to+anchor+something+temporarily+in+yard,how to anchor something temporarily in yard - Kagi Search,2024-04-27 10:09:51,7153.195
https://kagi.com/search?q=how+to+anchor+something+temporarily+in+yard,how to anchor something temporarily in yard - Kagi Search,2024-04-27 10:09:51,22.674
https://kagi.com/search?q=how+to+anchor+something+temporarily+in+yard,how to anchor something temporarily in yard - Kagi Search,2024-04-27 10:09:50,419.728
https://www.reddit.com/r/Slackline/comments/wp0uf/temporary_ground_anchors/,Temporary ground anchors : r/Slackline,2024-04-27 10:09:41,9308.465
https://kagi.com/search?q=how+to+anchor+something+temporarily+in+yard,how to anchor something temporarily in yard - Kagi Search,2024-04-27 10:09:35,5786.574
https://kagi.com/search?q=how+to+anchor+something+temporarily+in+yard,how to anchor something temporarily in yard - Kagi Search,2024-04-27 10:09:35,26.365
https://kagi.com/search?q=how+to+anchor+something+temporarily+in+yard,how to anchor something temporarily in yard - Kagi Search,2024-04-27 10:09:34,794.446
https://stackoverflow.com/questions/17651017/python-post-osx-notification,macos - Python post osx notification - Stack Overflow,2024-04-27 09:56:00,0.0
https://kagi.com/search?q=mac+send+notification+from+python+app+that+doesn%27t+automatically+disappear,mac send notification from python app that doesn't automatically disappear - Kagi Search,2024-04-27 09:55:53,14466.827
https://kagi.com/search?q=mac+send+notification+from+python+app+that+doesn%27t+automatically+disappear,mac send notification from python app that doesn't automatically disappear - Kagi Search,2024-04-27 09:55:53,27.527
https://kagi.com/search?q=mac+send+notification+from+python+app+that+doesn%27t+automatically+disappear,mac send notification from python app that doesn't automatically disappear - Kagi Search,2024-04-27 09:55:52,709.949
https://superuser.com/questions/349172/how-to-bring-application-to-front-every-15-minutes-on-mac-os-x-lion,macos - How to bring application to front every 15 minutes on Mac OS X Lion? - Super User,2024-04-27 09:53:05,0.0
https://kagi.com/search?q=mac+bring+specific+window+to+front+every+15+minutes,mac bring specific window to front every 15 minutes - Kagi Search,2024-04-27 09:52:26,0.0
https://kagi.com/search?q=how+to+make+an+edge+app+window+pop+to+front+in+mac+every+15+minutes,how to make an edge app window pop to front in mac every 15 minutes - Kagi Search,2024-04-27 09:51:31,54698.261
https://kagi.com/search?q=how+to+make+an+edge+app+window+pop+to+front+in+mac+every+15+minutes,how to make an edge app window pop to front in mac every 15 minutes - Kagi Search,2024-04-27 09:51:31,21.597
https://kagi.com/search?q=how+to+make+an+edge+app+window+pop+to+front+in+mac+every+15+minutes,how to make an edge app window pop to front in mac every 15 minutes - Kagi Search,2024-04-27 09:51:31,585.219
https://docs.streamlit.io/develop/concepts/architecture/caching,Caching overview - Streamlit Docs,2024-04-27 09:44:09,0.0
https://docs.streamlit.io/develop/concepts/architecture/caching,Caching overview - Streamlit Docs,2024-04-27 09:44:08,1485.967
https://discuss.streamlit.io/t/persistence-of-a-single-variable/7215,Persistence of a single variable - 🎈 Using Streamlit - Streamlit,2024-04-27 09:44:07,0.0
https://discuss.streamlit.io/t/persistence-of-a-single-variable/7215,Persistence of a single variable - 🎈 Using Streamlit - Streamlit,2024-04-27 09:44:05,1730.09
https://kagi.com/search?q=use+streamlit+with+diskcache+for+variable+persistence,use streamlit with diskcache for variable persistence - Kagi Search,2024-04-27 09:43:54,13929.871
https://kagi.com/search?q=use+streamlit+with+diskcache+for+variable+persistence,use streamlit with diskcache for variable persistence - Kagi Search,2024-04-27 09:43:54,31.582
https://kagi.com/search?q=use+streamlit+with+diskcache+for+variable+persistence,use streamlit with diskcache for variable persistence - Kagi Search,2024-04-27 09:43:53,1149.966
https://stackoverflow.com/questions/60060730/how-to-get-all-elements-by-tag,python - How to get all elements by tag? - Stack Overflow,2024-04-27 09:36:32,0.0
https://kagi.com/search?q=python+diskcache+list+all+keys,python diskcache list all keys - Kagi Search,2024-04-27 09:36:27,5683.02
https://kagi.com/search?q=python+diskcache+list+all+keys,python diskcache list all keys - Kagi Search,2024-04-27 09:36:27,21.365
https://kagi.com/search?q=python+diskcache+list+all+keys,python diskcache list all keys - Kagi Search,2024-04-27 09:36:26,570.288
https://github.com/grantjenks/python-diskcache/issues/29,List keys? · Issue #29 · grantjenks/python-diskcache,2024-04-27 09:36:04,21851.969
https://github.com/grantjenks/python-diskcache/issues/29,List keys? · Issue #29 · grantjenks/python-diskcache,2024-04-27 09:36:04,792.699
https://github.com/grantjenks/python-diskcache/issues/29,List keys? · Issue #29 · grantjenks/python-diskcache,2024-04-27 09:36:03,495.328
https://github.com/grantjenks/python-diskcache/issues/29,List keys? · Issue #29 · grantjenks/python-diskcache,2024-04-27 09:36:02,749.072
https://kagi.com/search?q=python+diskcache+list+all+keys,python diskcache list all keys - Kagi Search,2024-04-27 09:35:57,5301.754
https://kagi.com/search?q=python+diskcache+list+all+keys,python diskcache list all keys - Kagi Search,2024-04-27 09:35:57,22.305
https://kagi.com/search?q=python+diskcache+list+all+keys,python diskcache list all keys - Kagi Search,2024-04-27 09:35:56,671.514
https://kagi.com/search?q=how+to+make+python+diskcache+return+None+if+key+is+expired,how to make python diskcache return None if key is expired - Kagi Search,2024-04-27 09:33:58,0.0
https://kagi.com/search?q=how+to+make+python+diskcache+return+None+if+key+is+expired,how to make python diskcache return None if key is expired - Kagi Search,2024-04-27 09:33:58,31.89
https://kagi.com/search?q=how+to+make+python+diskcache+return+None+if+key+is+expired,how to make python diskcache return None if key is expired - Kagi Search,2024-04-27 09:33:57,924.171
https://grantjenks.com/docs/diskcache/api.html,DiskCache API Reference — DiskCache 5.6.1 documentation,2024-04-27 09:29:56,0.0
https://grantjenks.com/docs/diskcache/api.html,DiskCache API Reference — DiskCache 5.6.1 documentation,2024-04-27 09:29:55,1063.481
https://kagi.com/search?q=how+to+handle+expired+key+in+python+diskcache,how to handle expired key in python diskcache - Kagi Search,2024-04-27 09:29:48,6794.194
https://kagi.com/search?q=how+to+handle+expired+key+in+python+testcache,how to handle expired key in python testcache - Kagi Search,2024-04-27 09:29:42,6686.323
https://kagi.com/search?q=how+to+handle+expired+key+in+python+testcache,how to handle expired key in python testcache - Kagi Search,2024-04-27 09:29:42,21.628
https://kagi.com/search?q=how+to+handle+expired+key+in+python+testcache,how to handle expired key in python testcache - Kagi Search,2024-04-27 09:29:41,529.612
https://stackoverflow.com/questions/62289050/how-to-check-if-redis-key-is-expired-or-not-in-python3,python - How to check if redis key is expired or not in python3 - Stack Overflow,2024-04-27 09:29:39,2313.075
https://kagi.com/search?q=how+to+handle+expired+key+in+python+testcache,how to handle expired key in python testcache - Kagi Search,2024-04-27 09:29:36,2569.109
https://kagi.com/search?q=how+to+handle+expired+key+in+python+testcache,how to handle expired key in python testcache - Kagi Search,2024-04-27 09:29:36,28.906
https://kagi.com/search?q=how+to+handle+expired+key+in+python+testcache,how to handle expired key in python testcache - Kagi Search,2024-04-27 09:29:35,923.465
https://grantjenks.com/docs/diskcache/tutorial.html,DiskCache Tutorial — DiskCache 5.6.1 documentation,2024-04-27 09:21:08,0.0
https://grantjenks.com/docs/diskcache/tutorial.html,DiskCache Tutorial — DiskCache 5.6.1 documentation,2024-04-27 09:21:07,1053.754
https://www.grantjenks.com/docs/diskcache/tutorial.html,DiskCache Tutorial — DiskCache 5.6.1 documentation,2024-04-27 09:21:07,0.0
http://www.grantjenks.com/docs/diskcache/tutorial.html,DiskCache Tutorial — DiskCache 5.6.1 documentation,2024-04-27 09:21:07,0.0
https://github.com/grantjenks/python-diskcache?tab=readme-ov-file,grantjenks/python-diskcache: Python disk-backed cache (Django-compatible). Faster than Redis and Memcached. Pure-Python.,2024-04-27 09:21:06,1346.919
https://github.com/grantjenks/python-diskcache,grantjenks/python-diskcache: Python disk-backed cache (Django-compatible). Faster than Redis and Memcached. Pure-Python.,2024-04-27 09:16:58,248159.708
https://github.com/grantjenks/python-diskcache,grantjenks/python-diskcache: Python disk-backed cache (Django-compatible). Faster than Redis and Memcached. Pure-Python.,2024-04-27 09:16:56,1595.492
https://github.com/grantjenks/python-diskcache,grantjenks/python-diskcache: Python disk-backed cache (Django-compatible). Faster than Redis and Memcached. Pure-Python.,2024-04-27 09:16:55,882.631
https://github.com/grantjenks/python-diskcache,grantjenks/python-diskcache: Python disk-backed cache (Django-compatible). Faster than Redis and Memcached. Pure-Python.,2024-04-27 09:16:53,1810.45
https://kagi.com/search?q=python+diskcache,python diskcache - Kagi Search,2024-04-27 09:16:48,5055.989
https://kagi.com/search?q=python+diskcache,python diskcache - Kagi Search,2024-04-27 09:16:48,33.189
https://kagi.com/search?q=python+diskcache,python diskcache - Kagi Search,2024-04-27 09:16:47,1507.997
